DATE,PRCP,TMAX,TMIN,RAIN,RAIN_BOOL
1/1/2011,0,40,26,FALSE,0
1/2/2011,0,39,25,FALSE,0
1/3/2011,0,42,27,FALSE,0
1/4/2011,0.03,38,28,TRUE,1
1/5/2011,0.12,45,35,TRUE,1
1/6/2011,0.17,49,44,TRUE,1
1/7/2011,0.37,48,37,TRUE,1
1/8/2011,0.03,40,34,TRUE,1
1/9/2011,0.02,39,31,TRUE,1
1/10/2011,0,38,30,FALSE,0
1/11/2011,0.3,39,30,TRUE,1
1/12/2011,0.81,47,33,TRUE,1
1/13/2011,0.82,53,43,TRUE,1
1/14/2011,0.29,54,49,TRUE,1
1/15/2011,0.45,52,47,TRUE,1
1/16/2011,0.27,55,50,TRUE,1
1/17/2011,0.04,50,42,TRUE,1
1/18/2011,0.08,42,37,TRUE,1
1/19/2011,0,45,35,FALSE,0
1/20/2011,0.05,44,33,TRUE,1
1/21/2011,0.51,49,44,TRUE,1
1/22/2011,0,49,40,FALSE,0
1/23/2011,0.04,46,41,TRUE,1
1/24/2011,0.21,48,44,TRUE,1
1/25/2011,0,50,43,FALSE,0
1/26/2011,0,54,39,FALSE,0
1/27/2011,0,50,37,FALSE,0
1/28/2011,0.14,52,39,TRUE,1
1/29/2011,0.24,48,43,TRUE,1
1/30/2011,0,44,37,FALSE,0
1/31/2011,0,44,34,FALSE,0
2/1/2011,0,46,32,FALSE,0
2/2/2011,0,51,29,FALSE,0
2/3/2011,0.01,49,39,TRUE,1
2/4/2011,0.07,50,45,TRUE,1
2/5/2011,0.08,47,43,TRUE,1
2/6/2011,0.25,50,43,TRUE,1
2/7/2011,0.05,48,39,TRUE,1
2/8/2011,0,46,35,FALSE,0
2/9/2011,0,45,28,FALSE,0
2/10/2011,0,47,29,FALSE,0
2/11/2011,0,47,35,FALSE,0
2/12/2011,0.37,54,40,TRUE,1
2/13/2011,0.24,52,41,TRUE,1
2/14/2011,0.54,50,40,TRUE,1
2/15/2011,0.09,46,37,TRUE,1
2/16/2011,0.04,44,34,TRUE,1
2/17/2011,0.11,44,34,TRUE,1
2/18/2011,0,49,32,FALSE,0
2/19/2011,0,43,32,FALSE,0
2/20/2011,0,45,27,FALSE,0
2/21/2011,0.03,45,34,TRUE,1
2/22/2011,0.04,44,32,TRUE,1
2/23/2011,0.24,37,27,TRUE,1
2/24/2011,0,35,24,FALSE,0
2/25/2011,0,31,20,FALSE,0
2/26/2011,0,34,19,FALSE,0
2/27/2011,0.47,42,33,TRUE,1
2/28/2011,0.42,40,34,TRUE,1
3/1/2011,0.24,44,34,TRUE,1
3/2/2011,0.07,50,36,TRUE,1
3/3/2011,0.22,48,36,TRUE,1
3/4/2011,0.12,49,33,TRUE,1
3/5/2011,0.02,50,38,TRUE,1
3/6/2011,0,47,34,FALSE,0
3/7/2011,0,48,36,FALSE,0
3/8/2011,0.16,52,38,TRUE,1
3/9/2011,1.47,52,42,TRUE,1
3/10/2011,0.55,53,39,TRUE,1
3/11/2011,0,53,38,FALSE,0
3/12/2011,0.41,48,42,TRUE,1
3/13/2011,0.33,53,43,TRUE,1
3/14/2011,0.12,53,44,TRUE,1
3/15/2011,0.37,55,42,TRUE,1
3/16/2011,0.09,48,38,TRUE,1
3/17/2011,0,51,37,FALSE,0
3/18/2011,0.27,50,38,TRUE,1
3/19/2011,0,54,36,FALSE,0
3/20/2011,0.01,50,37,TRUE,1
3/21/2011,0.01,50,40,TRUE,1
3/22/2011,0,51,37,FALSE,0
3/23/2011,0,62,34,FALSE,0
3/24/2011,0.23,61,41,TRUE,1
3/25/2011,0.33,55,39,TRUE,1
3/26/2011,0.15,50,37,TRUE,1
3/27/2011,0.28,51,39,TRUE,1
3/28/2011,0.14,51,41,TRUE,1
3/29/2011,0.12,49,43,TRUE,1
3/30/2011,0.26,51,48,TRUE,1
3/31/2011,0.32,54,46,TRUE,1
4/1/2011,1.13,48,41,TRUE,1
4/2/2011,0.37,48,39,TRUE,1
4/3/2011,0.06,49,38,TRUE,1
4/4/2011,0.24,47,41,TRUE,1
4/5/2011,0.23,46,41,TRUE,1
4/6/2011,0.12,48,34,TRUE,1
4/7/2011,0.08,49,33,TRUE,1
4/8/2011,0,54,34,FALSE,0
4/9/2011,0.01,55,42,TRUE,1
4/10/2011,0.16,55,44,TRUE,1
4/11/2011,0,51,38,FALSE,0
4/12/2011,0,53,35,FALSE,0
4/13/2011,0.17,48,40,TRUE,1
4/14/2011,0.4,47,39,TRUE,1
4/15/2011,0.09,53,38,TRUE,1
4/16/2011,0.06,53,42,TRUE,1
4/17/2011,0.01,52,36,TRUE,1
4/18/2011,0.01,51,36,TRUE,1
4/19/2011,0,53,36,FALSE,0
4/20/2011,0,54,36,FALSE,0
4/21/2011,0,53,38,FALSE,0
4/22/2011,0,57,38,FALSE,0
4/23/2011,0,66,38,FALSE,0
4/24/2011,0.18,55,45,TRUE,1
4/25/2011,0.52,52,43,TRUE,1
4/26/2011,0.01,57,42,TRUE,1
4/27/2011,0.45,52,37,TRUE,1
4/28/2011,0.04,51,39,TRUE,1
4/29/2011,0,54,39,FALSE,0
4/30/2011,0.13,56,43,TRUE,1
5/1/2011,0,62,39,FALSE,0
5/2/2011,0.18,53,44,TRUE,1
5/3/2011,0,58,44,FALSE,0
5/4/2011,0,62,42,FALSE,0
5/5/2011,0.03,57,45,TRUE,1
5/6/2011,0.13,54,46,TRUE,1
5/7/2011,0.04,56,45,TRUE,1
5/8/2011,0.02,58,44,TRUE,1
5/9/2011,0,57,47,FALSE,0
5/10/2011,0,59,47,FALSE,0
5/11/2011,0.42,51,42,TRUE,1
5/12/2011,0,60,38,FALSE,0
5/13/2011,0,64,41,FALSE,0
5/14/2011,0.97,66,48,TRUE,1
5/15/2011,0.81,51,47,TRUE,1
5/16/2011,0,56,43,FALSE,0
5/17/2011,0,64,39,FALSE,0
5/18/2011,0,66,46,FALSE,0
5/19/2011,0,68,43,FALSE,0
5/20/2011,0,70,45,FALSE,0
5/21/2011,0.04,54,48,TRUE,1
5/22/2011,0,60,48,FALSE,0
5/23/2011,0,63,44,FALSE,0
5/24/2011,0,65,47,FALSE,0
5/25/2011,0.41,56,47,TRUE,1
5/26/2011,0.01,61,45,TRUE,1
5/27/2011,0.02,58,46,TRUE,1
5/28/2011,0.01,62,45,TRUE,1
5/29/2011,0,59,50,FALSE,0
5/30/2011,0,61,49,FALSE,0
5/31/2011,0.11,61,48,TRUE,1
6/1/2011,0.17,59,50,TRUE,1
6/2/2011,0.08,61,49,TRUE,1
6/3/2011,0,68,48,FALSE,0
6/4/2011,0,78,50,FALSE,0
6/5/2011,0,71,54,FALSE,0
6/6/2011,0,72,52,FALSE,0
6/7/2011,0.21,64,50,TRUE,1
6/8/2011,0,62,49,FALSE,0
6/9/2011,0,69,50,FALSE,0
6/10/2011,0,65,53,FALSE,0
6/11/2011,0,66,52,FALSE,0
6/12/2011,0.01,70,48,TRUE,1
6/13/2011,0.11,68,52,TRUE,1
6/14/2011,0,63,51,FALSE,0
6/15/2011,0.06,65,48,TRUE,1
6/16/2011,0,70,46,FALSE,0
6/17/2011,0,71,46,FALSE,0
6/18/2011,0.41,58,53,TRUE,1
6/19/2011,0.03,63,51,TRUE,1
6/20/2011,0,70,54,FALSE,0
6/21/2011,0,78,54,FALSE,0
6/22/2011,0,67,52,FALSE,0
6/23/2011,0.07,66,50,TRUE,1
6/24/2011,0.26,67,51,TRUE,1
6/25/2011,0.01,68,51,TRUE,1
6/26/2011,0,72,48,FALSE,0
6/27/2011,0,69,58,FALSE,0
6/28/2011,0,74,58,FALSE,0
6/29/2011,0,67,54,FALSE,0
6/30/2011,0,67,53,FALSE,0
7/1/2011,0,72,49,FALSE,0
7/2/2011,0,82,52,FALSE,0
7/3/2011,0,72,56,FALSE,0
7/4/2011,0,78,51,FALSE,0
7/5/2011,0,81,51,FALSE,0
7/6/2011,0,84,57,FALSE,0
7/7/2011,0.03,67,54,TRUE,1
7/8/2011,0,71,51,FALSE,0
7/9/2011,0,74,52,FALSE,0
7/10/2011,0,76,55,FALSE,0
7/11/2011,0,75,55,FALSE,0
7/12/2011,0.08,70,57,TRUE,1
7/13/2011,0,73,55,FALSE,0
7/14/2011,0.02,62,56,TRUE,1
7/15/2011,0.02,76,56,TRUE,1
7/16/2011,0.35,74,57,TRUE,1
7/17/2011,0.07,63,55,TRUE,1
7/18/2011,0,74,50,FALSE,0
7/19/2011,0,70,55,FALSE,0
7/20/2011,0,74,54,FALSE,0
7/21/2011,0,70,57,FALSE,0
7/22/2011,0,72,51,FALSE,0
7/23/2011,0,79,54,FALSE,0
7/24/2011,0,83,58,FALSE,0
7/25/2011,0.13,63,57,TRUE,1
7/26/2011,0,70,57,FALSE,0
7/27/2011,0,72,57,FALSE,0
7/28/2011,0,78,54,FALSE,0
7/29/2011,0,76,60,FALSE,0
7/30/2011,0,79,56,FALSE,0
7/31/2011,0,71,58,FALSE,0
8/1/2011,0,77,54,FALSE,0
8/2/2011,0,77,55,FALSE,0
8/3/2011,0,79,58,FALSE,0
8/4/2011,0,81,57,FALSE,0
8/5/2011,0,66,57,FALSE,0
8/6/2011,0,73,58,FALSE,0
8/7/2011,0,74,56,FALSE,0
8/8/2011,0,70,54,FALSE,0
8/9/2011,0,70,55,FALSE,0
8/10/2011,0,71,55,FALSE,0
8/11/2011,0,74,54,FALSE,0
8/12/2011,0,76,52,FALSE,0
8/13/2011,0,70,53,FALSE,0
8/14/2011,0,71,55,FALSE,0
8/15/2011,0,74,57,FALSE,0
8/16/2011,0,78,55,FALSE,0
8/17/2011,0,77,53,FALSE,0
8/18/2011,0,73,54,FALSE,0
8/19/2011,0,78,53,FALSE,0
8/20/2011,0,85,59,FALSE,0
8/21/2011,0,87,59,FALSE,0
8/22/2011,0.12,71,60,TRUE,1
8/23/2011,0,77,60,FALSE,0
8/24/2011,0,84,57,FALSE,0
8/25/2011,0,82,58,FALSE,0
8/26/2011,0,84,59,FALSE,0
8/27/2011,0,84,56,FALSE,0
8/28/2011,0,80,54,FALSE,0
8/29/2011,0,70,57,FALSE,0
8/30/2011,0.01,69,54,TRUE,1
8/31/2011,0,69,52,FALSE,0
9/1/2011,0,73,50,FALSE,0
9/2/2011,0,71,56,FALSE,0
9/3/2011,0,82,53,FALSE,0
9/4/2011,0,83,52,FALSE,0
9/5/2011,0,82,54,FALSE,0
9/6/2011,0,84,53,FALSE,0
9/7/2011,0,83,54,FALSE,0
9/8/2011,0,85,58,FALSE,0
9/9/2011,0,85,56,FALSE,0
9/10/2011,0,84,56,FALSE,0
9/11/2011,0,85,59,FALSE,0
9/12/2011,0,68,57,FALSE,0
9/13/2011,0,64,57,FALSE,0
9/14/2011,0,67,58,FALSE,0
9/15/2011,0,65,54,FALSE,0
9/16/2011,0,64,52,FALSE,0
9/17/2011,0.2,62,52,TRUE,1
9/18/2011,0.28,65,52,TRUE,1
9/19/2011,0.01,69,54,TRUE,1
9/20/2011,0,77,48,FALSE,0
9/21/2011,0,76,60,FALSE,0
9/22/2011,0,76,62,FALSE,0
9/23/2011,0,80,63,FALSE,0
9/24/2011,0,75,60,FALSE,0
9/25/2011,0.19,67,55,TRUE,1
9/26/2011,0.59,61,53,TRUE,1
9/27/2011,0.01,65,51,TRUE,1
9/28/2011,0,65,48,FALSE,0
9/29/2011,0,77,46,FALSE,0
9/30/2011,0.01,65,51,TRUE,1
10/1/2011,0.02,59,50,TRUE,1
10/2/2011,0.37,64,49,TRUE,1
10/3/2011,0.1,62,52,TRUE,1
10/4/2011,0.05,63,49,TRUE,1
10/5/2011,0.09,55,49,TRUE,1
10/6/2011,0.11,58,49,TRUE,1
10/7/2011,0.06,55,50,TRUE,1
10/8/2011,0.02,65,46,TRUE,1
10/9/2011,0.1,60,51,TRUE,1
10/10/2011,0.25,59,51,TRUE,1
10/11/2011,0.89,59,52,TRUE,1
10/12/2011,0,59,48,FALSE,0
10/13/2011,0,59,43,FALSE,0
10/14/2011,0.01,58,45,TRUE,1
10/15/2011,0,57,43,FALSE,0
10/16/2011,0,50,42,FALSE,0
10/17/2011,0,61,42,FALSE,0
10/18/2011,0,67,45,FALSE,0
10/19/2011,0,59,47,FALSE,0
10/20/2011,0,59,47,FALSE,0
10/21/2011,0.12,58,50,TRUE,1
10/22/2011,0.58,60,55,TRUE,1
10/23/2011,0,57,48,FALSE,0
10/24/2011,0,57,45,FALSE,0
10/25/2011,0,54,40,FALSE,0
10/26/2011,0.02,50,37,TRUE,1
10/27/2011,0,54,41,FALSE,0
10/28/2011,0.5,54,42,TRUE,1
10/29/2011,0,56,44,FALSE,0
10/30/2011,0.16,57,44,TRUE,1
10/31/2011,0,53,42,FALSE,0
11/1/2011,0,52,37,FALSE,0
11/2/2011,0.35,52,34,TRUE,1
11/3/2011,0,52,40,FALSE,0
11/4/2011,0.05,44,37,TRUE,1
11/5/2011,0,50,36,FALSE,0
11/6/2011,0,49,32,FALSE,0
11/7/2011,0.01,49,39,TRUE,1
11/8/2011,0,55,42,FALSE,0
11/9/2011,0,62,46,FALSE,0
11/10/2011,0,59,40,FALSE,0
11/11/2011,0.23,51,38,TRUE,1
11/12/2011,0.25,49,34,TRUE,1
11/13/2011,0.02,49,41,TRUE,1
11/14/2011,0,47,35,FALSE,0
11/15/2011,0,48,32,FALSE,0
11/16/2011,0.49,52,34,TRUE,1
11/17/2011,0.28,48,35,TRUE,1
11/18/2011,0.08,39,33,TRUE,1
11/19/2011,0,41,31,FALSE,0
11/20/2011,0,39,27,FALSE,0
11/21/2011,0.3,50,33,TRUE,1
11/22/2011,1.76,52,41,TRUE,1
11/23/2011,0.55,53,40,TRUE,1
11/24/2011,0.26,45,37,TRUE,1
11/25/2011,0,48,36,FALSE,0
11/26/2011,0.02,51,41,TRUE,1
11/27/2011,0.42,56,44,TRUE,1
11/28/2011,0,48,37,FALSE,0
11/29/2011,0.09,44,35,TRUE,1
11/30/2011,0,45,37,FALSE,0
12/1/2011,0,41,29,FALSE,0
12/2/2011,0.01,44,32,TRUE,1
12/3/2011,0,42,31,FALSE,0
12/4/2011,0,43,31,FALSE,0
12/5/2011,0,42,28,FALSE,0
12/6/2011,0,38,28,FALSE,0
12/7/2011,0,41,35,FALSE,0
12/8/2011,0,40,32,FALSE,0
12/9/2011,0,40,26,FALSE,0
12/10/2011,0,40,31,FALSE,0
12/11/2011,0.02,40,35,TRUE,1
12/12/2011,0,39,28,FALSE,0
12/13/2011,0,41,26,FALSE,0
12/14/2011,0,40,33,FALSE,0
12/15/2011,0.03,44,38,TRUE,1
12/16/2011,0,49,40,FALSE,0
12/17/2011,0,50,33,FALSE,0
12/18/2011,0.19,46,35,TRUE,1
12/19/2011,0,46,36,FALSE,0
12/20/2011,0,44,37,FALSE,0
12/21/2011,0,45,32,FALSE,0
12/22/2011,0,38,27,FALSE,0
12/23/2011,0.02,49,35,TRUE,1
12/24/2011,0,52,43,FALSE,0
12/25/2011,0.03,50,37,TRUE,1
12/26/2011,0.05,42,37,TRUE,1
12/27/2011,0.9,51,40,TRUE,1
12/28/2011,0.63,53,48,TRUE,1
12/29/2011,0.29,51,44,TRUE,1
12/30/2011,0.07,49,36,TRUE,1
12/31/2011,0,43,32,FALSE,0
1/1/2012,0,55,41,FALSE,0
1/2/2012,0.43,51,37,TRUE,1
1/3/2012,0.03,53,45,TRUE,1
1/4/2012,0.8,54,42,TRUE,1
1/5/2012,0.05,48,37,TRUE,1
1/6/2012,0.1,40,36,TRUE,1
1/7/2012,0,45,37,FALSE,0
1/8/2012,0,50,37,FALSE,0
1/9/2012,0.17,49,41,TRUE,1
1/10/2012,0.04,43,33,TRUE,1
1/11/2012,0,43,30,FALSE,0
1/12/2012,0,43,29,FALSE,0
1/13/2012,0,41,27,FALSE,0
1/14/2012,0.16,40,33,TRUE,1
1/15/2012,0.21,34,26,TRUE,1
1/16/2012,0.1,35,27,TRUE,1
1/17/2012,0.32,38,32,TRUE,1
1/18/2012,0.78,32,27,TRUE,1
1/19/2012,0.6,30,27,TRUE,1
1/20/2012,0.53,45,30,TRUE,1
1/21/2012,0.12,47,38,TRUE,1
1/22/2012,0.24,44,36,TRUE,1
1/23/2012,0,47,34,FALSE,0
1/24/2012,0.34,50,36,TRUE,1
1/25/2012,0.32,48,40,TRUE,1
1/26/2012,0.19,48,34,TRUE,1
1/27/2012,0,44,28,FALSE,0
1/28/2012,0,44,33,FALSE,0
1/29/2012,1.09,49,39,TRUE,1
1/30/2012,0.14,47,43,TRUE,1
1/31/2012,0.07,49,43,TRUE,1
2/1/2012,0.53,48,38,TRUE,1
2/2/2012,0,47,35,FALSE,0
2/3/2012,0,58,36,FALSE,0
2/4/2012,0,60,41,FALSE,0
2/5/2012,0,57,35,FALSE,0
2/6/2012,0,61,35,FALSE,0
2/7/2012,0.01,60,46,TRUE,1
2/8/2012,0.11,50,41,TRUE,1
2/9/2012,0.1,52,46,TRUE,1
2/10/2012,0.1,55,44,TRUE,1
2/11/2012,0.03,48,42,TRUE,1
2/12/2012,0.04,47,41,TRUE,1
2/13/2012,0.45,45,40,TRUE,1
2/14/2012,0.1,44,34,TRUE,1
2/15/2012,0,45,33,FALSE,0
2/16/2012,0.07,45,38,TRUE,1
2/17/2012,0.68,50,40,TRUE,1
2/18/2012,0.25,44,39,TRUE,1
2/19/2012,0,44,36,FALSE,0
2/20/2012,0.12,46,35,TRUE,1
2/21/2012,0.03,50,46,TRUE,1
2/22/2012,0.34,50,37,TRUE,1
2/23/2012,0,47,37,FALSE,0
2/24/2012,0.45,44,40,TRUE,1
2/25/2012,0,45,37,FALSE,0
2/26/2012,0.05,41,30,TRUE,1
2/27/2012,0,44,28,FALSE,0
2/28/2012,0.14,44,31,TRUE,1
2/29/2012,0.03,41,34,TRUE,1
3/1/2012,0,43,34,FALSE,0
3/2/2012,0.08,44,39,TRUE,1
3/3/2012,0,54,44,FALSE,0
3/4/2012,0,51,44,FALSE,0
3/5/2012,0.27,46,34,TRUE,1
3/6/2012,0.02,44,32,TRUE,1
3/7/2012,0,48,29,FALSE,0
3/8/2012,0,60,33,FALSE,0
3/9/2012,0.14,49,41,TRUE,1
3/10/2012,0.41,45,43,TRUE,1
3/11/2012,0.54,44,37,TRUE,1
3/12/2012,0.76,47,33,TRUE,1
3/13/2012,0.37,42,33,TRUE,1
3/14/2012,0.34,46,34,TRUE,1
3/15/2012,0.94,52,42,TRUE,1
3/16/2012,0.33,48,39,TRUE,1
3/17/2012,0.37,50,33,TRUE,1
3/18/2012,0.14,41,31,TRUE,1
3/19/2012,0.08,45,30,TRUE,1
3/20/2012,0.14,46,36,TRUE,1
3/21/2012,0.05,48,34,TRUE,1
3/22/2012,0.16,50,35,TRUE,1
3/23/2012,0,54,33,FALSE,0
3/24/2012,0,59,38,FALSE,0
3/25/2012,0,56,36,FALSE,0
3/26/2012,0,55,43,FALSE,0
3/27/2012,0.19,58,44,TRUE,1
3/28/2012,0.05,51,45,TRUE,1
3/29/2012,1.08,50,43,TRUE,1
3/30/2012,0.22,49,41,TRUE,1
3/31/2012,0.52,50,37,TRUE,1
4/1/2012,0.06,48,40,TRUE,1
4/2/2012,0,62,40,FALSE,0
4/3/2012,0.06,53,38,TRUE,1
4/4/2012,0,51,37,FALSE,0
4/5/2012,0.18,49,37,TRUE,1
4/6/2012,0.01,52,38,TRUE,1
4/7/2012,0,61,35,FALSE,0
4/8/2012,0,70,45,FALSE,0
4/9/2012,0,68,43,FALSE,0
4/10/2012,0,64,48,FALSE,0
4/11/2012,0.09,52,45,TRUE,1
4/12/2012,0.02,57,42,TRUE,1
4/13/2012,0,59,39,FALSE,0
4/14/2012,0,60,38,FALSE,0
4/15/2012,0,61,45,FALSE,0
4/16/2012,0.32,56,44,TRUE,1
4/17/2012,0.07,50,40,TRUE,1
4/18/2012,0.07,56,45,TRUE,1
4/19/2012,0.43,57,41,TRUE,1
4/20/2012,0.26,56,44,TRUE,1
4/21/2012,0,68,40,FALSE,0
4/22/2012,0,74,47,FALSE,0
4/23/2012,0,71,48,FALSE,0
4/24/2012,0.17,57,50,TRUE,1
4/25/2012,0.42,62,48,TRUE,1
4/26/2012,0.15,57,44,TRUE,1
4/27/2012,0.03,56,43,TRUE,1
4/28/2012,0,61,47,FALSE,0
4/29/2012,0.17,60,48,TRUE,1
4/30/2012,0.17,55,45,TRUE,1
5/1/2012,0.02,53,43,TRUE,1
5/2/2012,0.02,56,42,TRUE,1
5/3/2012,0.73,52,45,TRUE,1
5/4/2012,0.07,54,43,TRUE,1
5/5/2012,0,56,41,FALSE,0
5/6/2012,0,64,41,FALSE,0
5/7/2012,0,75,43,FALSE,0
5/8/2012,0,65,49,FALSE,0
5/9/2012,0,56,44,FALSE,0
5/10/2012,0,58,39,FALSE,0
5/11/2012,0,65,40,FALSE,0
5/12/2012,0,76,44,FALSE,0
5/13/2012,0,78,49,FALSE,0
5/14/2012,0,80,55,FALSE,0
5/15/2012,0,76,49,FALSE,0
5/16/2012,0,67,49,FALSE,0
5/17/2012,0,64,44,FALSE,0
5/18/2012,0,60,46,FALSE,0
5/19/2012,0,67,45,FALSE,0
5/20/2012,0.25,58,53,TRUE,1
5/21/2012,0.55,62,50,TRUE,1
5/22/2012,0.24,55,48,TRUE,1
5/23/2012,0.01,58,48,TRUE,1
5/24/2012,0,63,48,FALSE,0
5/25/2012,0,72,48,FALSE,0
5/26/2012,0,72,48,FALSE,0
5/27/2012,0,63,53,FALSE,0
5/28/2012,0,62,50,FALSE,0
5/29/2012,0,61,46,FALSE,0
5/30/2012,0.01,66,52,TRUE,1
5/31/2012,0.15,64,54,TRUE,1
6/1/2012,0.26,68,55,TRUE,1
6/2/2012,0.01,66,51,TRUE,1
6/3/2012,0,63,49,FALSE,0
6/4/2012,0.05,55,48,TRUE,1
6/5/2012,0.63,56,47,TRUE,1
6/6/2012,0,61,43,FALSE,0
6/7/2012,0.65,61,48,TRUE,1
6/8/2012,0.06,59,47,TRUE,1
6/9/2012,0,63,47,FALSE,0
6/10/2012,0,66,50,FALSE,0
6/11/2012,0,74,50,FALSE,0
6/12/2012,0.03,65,55,TRUE,1
6/13/2012,0,61,52,FALSE,0
6/14/2012,0,63,50,FALSE,0
6/15/2012,0,72,49,FALSE,0
6/16/2012,0,70,59,FALSE,0
6/17/2012,0,66,53,FALSE,0
6/18/2012,0.12,63,50,TRUE,1
6/19/2012,0.04,67,50,TRUE,1
6/20/2012,0,76,50,FALSE,0
6/21/2012,0,75,53,FALSE,0
6/22/2012,0.62,57,53,TRUE,1
6/23/2012,0.34,60,49,TRUE,1
6/24/2012,0,67,49,FALSE,0
6/25/2012,0.02,67,52,TRUE,1
6/26/2012,0,65,51,FALSE,0
6/27/2012,0,73,48,FALSE,0
6/28/2012,0,72,53,FALSE,0
6/29/2012,0.01,71,59,TRUE,1
6/30/2012,0.12,68,56,TRUE,1
7/1/2012,0,68,54,FALSE,0
7/2/2012,0.08,66,53,TRUE,1
7/3/2012,0.23,65,51,TRUE,1
7/4/2012,0,69,49,FALSE,0
7/5/2012,0,76,51,FALSE,0
7/6/2012,0,77,52,FALSE,0
7/7/2012,0,80,55,FALSE,0
7/8/2012,0,83,58,FALSE,0
7/9/2012,0.06,77,55,TRUE,1
7/10/2012,0,75,52,FALSE,0
7/11/2012,0,82,56,FALSE,0
7/12/2012,0,78,56,FALSE,0
7/13/2012,0.02,74,57,TRUE,1
7/14/2012,0,77,59,FALSE,0
7/15/2012,0,66,56,FALSE,0
7/16/2012,0.01,79,56,TRUE,1
7/17/2012,0,71,59,FALSE,0
7/18/2012,0,70,58,FALSE,0
7/19/2012,0,77,58,FALSE,0
7/20/2012,0.6,67,57,TRUE,1
7/21/2012,0,75,57,FALSE,0
7/22/2012,0.04,69,54,TRUE,1
7/23/2012,0,66,52,FALSE,0
7/24/2012,0,74,54,FALSE,0
7/25/2012,0,80,55,FALSE,0
7/26/2012,0,78,55,FALSE,0
7/27/2012,0,66,57,FALSE,0
7/28/2012,0,72,56,FALSE,0
7/29/2012,0,73,59,FALSE,0
7/30/2012,0,67,56,FALSE,0
7/31/2012,0,73,57,FALSE,0
8/1/2012,0,75,56,FALSE,0
8/2/2012,0,74,54,FALSE,0
8/3/2012,0,81,55,FALSE,0
8/4/2012,0,93,62,FALSE,0
8/5/2012,0,93,64,FALSE,0
8/6/2012,0,83,60,FALSE,0
8/7/2012,0,70,59,FALSE,0
8/8/2012,0,72,59,FALSE,0
8/9/2012,0,76,58,FALSE,0
8/10/2012,0,78,54,FALSE,0
8/11/2012,0,83,56,FALSE,0
8/12/2012,0,87,59,FALSE,0
8/13/2012,0,87,59,FALSE,0
8/14/2012,0,84,57,FALSE,0
8/15/2012,0,88,62,FALSE,0
8/16/2012,0,94,65,FALSE,0
8/17/2012,0,91,61,FALSE,0
8/18/2012,0,71,58,FALSE,0
8/19/2012,0,74,59,FALSE,0
8/20/2012,0,78,59,FALSE,0
8/21/2012,0,74,56,FALSE,0
8/22/2012,0,72,56,FALSE,0
8/23/2012,0,70,57,FALSE,0
8/24/2012,0,72,50,FALSE,0
8/25/2012,0,79,53,FALSE,0
8/26/2012,0,70,54,FALSE,0
8/27/2012,0,75,56,FALSE,0
8/28/2012,0,73,54,FALSE,0
8/29/2012,0,73,56,FALSE,0
8/30/2012,0,73,55,FALSE,0
8/31/2012,0,72,51,FALSE,0
9/1/2012,0,71,51,FALSE,0
9/2/2012,0,70,50,FALSE,0
9/3/2012,0,73,55,FALSE,0
9/4/2012,0,76,52,FALSE,0
9/5/2012,0,79,53,FALSE,0
9/6/2012,0,83,58,FALSE,0
9/7/2012,0,90,56,FALSE,0
9/8/2012,0,77,56,FALSE,0
9/9/2012,0.01,66,57,TRUE,1
9/10/2012,0.01,68,53,TRUE,1
9/11/2012,0,68,48,FALSE,0
9/12/2012,0,72,50,FALSE,0
9/13/2012,0,82,53,FALSE,0
9/14/2012,0,79,52,FALSE,0
9/15/2012,0,72,52,FALSE,0
9/16/2012,0,76,49,FALSE,0
9/17/2012,0,82,53,FALSE,0
9/18/2012,0,82,53,FALSE,0
9/19/2012,0,75,53,FALSE,0
9/20/2012,0,67,50,FALSE,0
9/21/2012,0,61,55,FALSE,0
9/22/2012,0.01,67,53,TRUE,1
9/23/2012,0,67,50,FALSE,0
9/24/2012,0,70,50,FALSE,0
9/25/2012,0,67,52,FALSE,0
9/26/2012,0,67,49,FALSE,0
9/27/2012,0,73,50,FALSE,0
9/28/2012,0,77,54,FALSE,0
9/29/2012,0,69,54,FALSE,0
9/30/2012,0,70,46,FALSE,0
10/1/2012,0,74,48,FALSE,0
10/2/2012,0,64,50,FALSE,0
10/3/2012,0,66,46,FALSE,0
10/4/2012,0,66,47,FALSE,0
10/5/2012,0,71,48,FALSE,0
10/6/2012,0,75,46,FALSE,0
10/7/2012,0,75,46,FALSE,0
10/8/2012,0,70,46,FALSE,0
10/9/2012,0,61,48,FALSE,0
10/10/2012,0,54,47,FALSE,0
10/11/2012,0,57,45,FALSE,0
10/12/2012,0.08,57,48,TRUE,1
10/13/2012,0.19,60,54,TRUE,1
10/14/2012,0.65,64,56,TRUE,1
10/15/2012,0.31,63,52,TRUE,1
10/16/2012,0,61,47,FALSE,0
10/17/2012,0,58,43,FALSE,0
10/18/2012,0.82,64,44,TRUE,1
10/19/2012,0.19,59,49,TRUE,1
10/20/2012,0.02,52,43,TRUE,1
10/21/2012,0.25,53,40,TRUE,1
10/22/2012,0.35,46,38,TRUE,1
10/23/2012,0,52,42,FALSE,0
10/24/2012,0.28,53,43,TRUE,1
10/25/2012,0,53,44,FALSE,0
10/26/2012,0.06,52,45,TRUE,1
10/27/2012,0.91,58,49,TRUE,1
10/28/2012,0.24,58,50,TRUE,1
10/29/2012,0.43,60,50,TRUE,1
10/30/2012,1.36,59,54,TRUE,1
10/31/2012,0.57,60,52,TRUE,1
11/1/2012,0.38,59,51,TRUE,1
11/2/2012,0.22,59,51,TRUE,1
11/3/2012,0.02,60,52,TRUE,1
11/4/2012,0.32,64,55,TRUE,1
11/5/2012,0.03,59,46,TRUE,1
11/6/2012,0.01,55,44,TRUE,1
11/7/2012,0,54,39,FALSE,0
11/8/2012,0,50,34,FALSE,0
11/9/2012,0,48,34,FALSE,0
11/10/2012,0,46,31,FALSE,0
11/11/2012,0.6,48,34,TRUE,1
11/12/2012,0.14,55,43,TRUE,1
11/13/2012,0.21,52,46,TRUE,1
11/14/2012,0.03,52,41,TRUE,1
11/15/2012,0,49,37,FALSE,0
11/16/2012,0.22,49,36,TRUE,1
11/17/2012,0.24,54,43,TRUE,1
11/18/2012,0.31,50,43,TRUE,1
11/19/2012,2.13,56,47,TRUE,1
11/20/2012,0.15,52,45,TRUE,1
11/21/2012,0.44,47,39,TRUE,1
11/22/2012,0,48,37,FALSE,0
11/23/2012,1.26,49,43,TRUE,1
11/24/2012,0,48,39,FALSE,0
11/25/2012,0,47,34,FALSE,0
11/26/2012,0,49,35,FALSE,0
11/27/2012,0,50,35,FALSE,0
11/28/2012,0.11,49,36,TRUE,1
11/29/2012,0.06,55,46,TRUE,1
11/30/2012,1.4,59,46,TRUE,1
12/1/2012,0.16,56,47,TRUE,1
12/2/2012,0.77,47,45,TRUE,1
12/3/2012,0.51,49,45,TRUE,1
12/4/2012,0.56,53,45,TRUE,1
12/5/2012,0.06,48,40,TRUE,1
12/6/2012,0.06,45,43,TRUE,1
12/7/2012,0.04,46,38,TRUE,1
12/8/2012,0,44,38,FALSE,0
12/9/2012,0.06,44,37,TRUE,1
12/10/2012,0.02,45,42,TRUE,1
12/11/2012,0.12,46,42,TRUE,1
12/12/2012,0.32,44,40,TRUE,1
12/13/2012,0.09,45,38,TRUE,1
12/14/2012,0.31,43,34,TRUE,1
12/15/2012,0.21,40,33,TRUE,1
12/16/2012,0.89,44,38,TRUE,1
12/17/2012,0.08,47,35,TRUE,1
12/18/2012,0.13,39,33,TRUE,1
12/19/2012,0.54,47,35,TRUE,1
12/20/2012,0.52,45,33,TRUE,1
12/21/2012,0.07,47,29,TRUE,1
12/22/2012,0.13,47,39,TRUE,1
12/23/2012,0.26,45,38,TRUE,1
12/24/2012,0.01,42,37,TRUE,1
12/25/2012,0.53,42,37,TRUE,1
12/26/2012,0.18,44,38,TRUE,1
12/27/2012,0.16,46,38,TRUE,1
12/28/2012,0,47,39,FALSE,0
12/29/2012,0.06,41,38,TRUE,1
12/30/2012,0,40,32,FALSE,0
12/31/2012,0,38,30,FALSE,0
1/1/2013,0,41,27,FALSE,0
1/2/2013,0,43,30,FALSE,0
1/3/2013,0.16,44,29,TRUE,1
1/4/2013,0.1,50,36,TRUE,1
1/5/2013,0.12,44,40,TRUE,1
1/6/2013,0.08,45,37,TRUE,1
1/7/2013,0.09,50,40,TRUE,1
1/8/2013,0.64,53,42,TRUE,1
1/9/2013,1.51,50,35,TRUE,1
1/10/2013,0.01,38,31,TRUE,1
1/11/2013,0,37,27,FALSE,0
1/12/2013,0,37,25,FALSE,0
1/13/2013,0,36,24,FALSE,0
1/14/2013,0,38,28,FALSE,0
1/15/2013,0,44,31,FALSE,0
1/16/2013,0,43,25,FALSE,0
1/17/2013,0,39,27,FALSE,0
1/18/2013,0,38,30,FALSE,0
1/19/2013,0,34,31,FALSE,0
1/20/2013,0,38,31,FALSE,0
1/21/2013,0,36,29,FALSE,0
1/22/2013,0,38,29,FALSE,0
1/23/2013,0.2,45,36,TRUE,1
1/24/2013,0.23,45,34,TRUE,1
1/25/2013,0.12,51,37,TRUE,1
1/26/2013,0.09,47,39,TRUE,1
1/27/2013,0.07,42,39,TRUE,1
1/28/2013,0.31,43,38,TRUE,1
1/29/2013,0.17,47,41,TRUE,1
1/30/2013,0.14,48,44,TRUE,1
1/31/2013,0.12,49,45,TRUE,1
2/1/2013,0.01,53,41,TRUE,1
2/2/2013,0,43,37,FALSE,0
2/3/2013,0.09,48,37,TRUE,1
2/4/2013,0,51,44,FALSE,0
2/5/2013,0.13,50,44,TRUE,1
2/6/2013,0.04,51,43,TRUE,1
2/7/2013,0.05,49,38,TRUE,1
2/8/2013,0,46,36,FALSE,0
2/9/2013,0.01,47,40,TRUE,1
2/10/2013,0,48,35,FALSE,0
2/11/2013,0.01,47,40,TRUE,1
2/12/2013,0.04,52,45,TRUE,1
2/13/2013,0.09,49,45,TRUE,1
2/14/2013,0.04,49,42,TRUE,1
2/15/2013,0,56,41,FALSE,0
2/16/2013,0,52,39,FALSE,0
2/17/2013,0,49,40,FALSE,0
2/18/2013,0,46,39,FALSE,0
2/19/2013,0,51,35,FALSE,0
2/20/2013,0.06,46,34,TRUE,1
2/21/2013,0.02,44,39,TRUE,1
2/22/2013,0.37,46,39,TRUE,1
2/23/2013,0.01,50,39,TRUE,1
2/24/2013,0,48,41,FALSE,0
2/25/2013,0.09,51,38,TRUE,1
2/26/2013,0.02,48,39,TRUE,1
2/27/2013,0.18,50,40,TRUE,1
2/28/2013,0.32,53,44,TRUE,1
3/1/2013,0.16,59,52,TRUE,1
3/2/2013,0.03,57,41,TRUE,1
3/3/2013,0,52,36,FALSE,0
3/4/2013,0,56,32,FALSE,0
3/5/2013,0,49,43,FALSE,0
3/6/2013,0.47,45,41,TRUE,1
3/7/2013,0.29,54,41,TRUE,1
3/8/2013,0,53,36,FALSE,0
3/9/2013,0,55,34,FALSE,0
3/10/2013,0.03,46,39,TRUE,1
3/11/2013,0.05,51,43,TRUE,1
3/12/2013,0.08,55,50,TRUE,1
3/13/2013,0.09,53,49,TRUE,1
3/14/2013,0.11,53,49,TRUE,1
3/15/2013,0,58,48,FALSE,0
3/16/2013,0.17,51,40,TRUE,1
3/17/2013,0,48,39,FALSE,0
3/18/2013,0,53,39,FALSE,0
3/19/2013,0.46,55,35,TRUE,1
3/20/2013,0.39,52,40,TRUE,1
3/21/2013,0.32,50,36,TRUE,1
3/22/2013,0,49,33,FALSE,0
3/23/2013,0,50,34,FALSE,0
3/24/2013,0,54,33,FALSE,0
3/25/2013,0,62,40,FALSE,0
3/26/2013,0,62,43,FALSE,0
3/27/2013,0.01,56,45,TRUE,1
3/28/2013,0.08,61,47,TRUE,1
3/29/2013,0,65,46,FALSE,0
3/30/2013,0,68,42,FALSE,0
3/31/2013,0,69,44,FALSE,0
4/1/2013,0,63,47,FALSE,0
4/2/2013,0,57,48,FALSE,0
4/3/2013,0,62,46,FALSE,0
4/4/2013,0.33,58,50,TRUE,1
4/5/2013,0.73,57,50,TRUE,1
4/6/2013,0.5,54,45,TRUE,1
4/7/2013,1.54,47,41,TRUE,1
4/8/2013,0.03,56,43,TRUE,1
4/9/2013,0,54,43,FALSE,0
4/10/2013,0.37,59,48,TRUE,1
4/11/2013,0.06,54,44,TRUE,1
4/12/2013,0.38,46,40,TRUE,1
4/13/2013,0.37,51,38,TRUE,1
4/14/2013,0.23,55,40,TRUE,1
4/15/2013,0,57,40,FALSE,0
4/16/2013,0.01,57,38,TRUE,1
4/17/2013,0,59,39,FALSE,0
4/18/2013,0.21,53,44,TRUE,1
4/19/2013,0.81,56,49,TRUE,1
4/20/2013,0,57,47,FALSE,0
4/21/2013,0.13,54,44,TRUE,1
4/22/2013,0,61,41,FALSE,0
4/23/2013,0,64,39,FALSE,0
4/24/2013,0,70,43,FALSE,0
4/25/2013,0,71,44,FALSE,0
4/26/2013,0,69,47,FALSE,0
4/27/2013,0,57,51,FALSE,0
4/28/2013,0.04,59,49,TRUE,1
4/29/2013,0.15,57,44,TRUE,1
4/30/2013,0,55,40,FALSE,0
5/1/2013,0,65,38,FALSE,0
5/2/2013,0,69,44,FALSE,0
5/3/2013,0,71,49,FALSE,0
5/4/2013,0,77,52,FALSE,0
5/5/2013,0,84,53,FALSE,0
5/6/2013,0,87,54,FALSE,0
5/7/2013,0,69,52,FALSE,0
5/8/2013,0,67,52,FALSE,0
5/9/2013,0,73,50,FALSE,0
5/10/2013,0,79,49,FALSE,0
5/11/2013,0,81,54,FALSE,0
5/12/2013,0.26,71,57,TRUE,1
5/13/2013,0.13,66,49,TRUE,1
5/14/2013,0,65,46,FALSE,0
5/15/2013,0.04,63,48,TRUE,1
5/16/2013,0,71,54,FALSE,0
5/17/2013,0.02,63,53,TRUE,1
5/18/2013,0,62,52,FALSE,0
5/19/2013,0,65,51,FALSE,0
5/20/2013,0,67,49,FALSE,0
5/21/2013,0.54,60,47,TRUE,1
5/22/2013,0.54,52,45,TRUE,1
5/23/2013,0.16,54,44,TRUE,1
5/24/2013,0.01,62,48,TRUE,1
5/25/2013,0,64,50,FALSE,0
5/26/2013,0.06,65,51,TRUE,1
5/27/2013,0.38,62,52,TRUE,1
5/28/2013,0.02,63,53,TRUE,1
5/29/2013,0.22,61,49,TRUE,1
5/30/2013,0,62,49,FALSE,0
5/31/2013,0,67,52,FALSE,0
6/1/2013,0,73,54,FALSE,0
6/2/2013,0.04,69,54,TRUE,1
6/3/2013,0,72,52,FALSE,0
6/4/2013,0,79,54,FALSE,0
6/5/2013,0,80,58,FALSE,0
6/6/2013,0,80,54,FALSE,0
6/7/2013,0,71,56,FALSE,0
6/8/2013,0,69,55,FALSE,0
6/9/2013,0,69,52,FALSE,0
6/10/2013,0,71,53,FALSE,0
6/11/2013,0,68,50,FALSE,0
6/12/2013,0.01,69,53,TRUE,1
6/13/2013,0,70,53,FALSE,0
6/14/2013,0,68,54,FALSE,0
6/15/2013,0,78,50,FALSE,0
6/16/2013,0,75,55,FALSE,0
6/17/2013,0,78,57,FALSE,0
6/18/2013,0.01,74,56,TRUE,1
6/19/2013,0,68,55,FALSE,0
6/20/2013,0.12,63,55,TRUE,1
6/21/2013,0.01,69,54,TRUE,1
6/22/2013,0,78,53,FALSE,0
6/23/2013,0.31,72,59,TRUE,1
6/24/2013,0.19,70,57,TRUE,1
6/25/2013,0.39,74,58,TRUE,1
6/26/2013,0.08,72,59,TRUE,1
6/27/2013,0.14,70,62,TRUE,1
6/28/2013,0,87,61,FALSE,0
6/29/2013,0,86,65,FALSE,0
6/30/2013,0,93,63,FALSE,0
7/1/2013,0,89,65,FALSE,0
7/2/2013,0,83,60,FALSE,0
7/3/2013,0,79,62,FALSE,0
7/4/2013,0,71,57,FALSE,0
7/5/2013,0,74,57,FALSE,0
7/6/2013,0,79,56,FALSE,0
7/7/2013,0,75,57,FALSE,0
7/8/2013,0,80,56,FALSE,0
7/9/2013,0,86,59,FALSE,0
7/10/2013,0,72,57,FALSE,0
7/11/2013,0,73,54,FALSE,0
7/12/2013,0,67,56,FALSE,0
7/13/2013,0,79,52,FALSE,0
7/14/2013,0,82,55,FALSE,0
7/15/2013,0,82,58,FALSE,0
7/16/2013,0,88,65,FALSE,0
7/17/2013,0,72,59,FALSE,0
7/18/2013,0,79,57,FALSE,0
7/19/2013,0,82,56,FALSE,0
7/20/2013,0,77,56,FALSE,0
7/21/2013,0,75,55,FALSE,0
7/22/2013,0,79,56,FALSE,0
7/23/2013,0,88,57,FALSE,0
7/24/2013,0,88,58,FALSE,0
7/25/2013,0,88,55,FALSE,0
7/26/2013,0,88,58,FALSE,0
7/27/2013,0,78,55,FALSE,0
7/28/2013,0,70,54,FALSE,0
7/29/2013,0,77,56,FALSE,0
7/30/2013,0,77,56,FALSE,0
7/31/2013,0,71,56,FALSE,0
8/1/2013,0,69,56,FALSE,0
8/2/2013,0.08,63,59,TRUE,1
8/3/2013,0,77,60,FALSE,0
8/4/2013,0,84,59,FALSE,0
8/5/2013,0,86,59,FALSE,0
8/6/2013,0,87,57,FALSE,0
8/7/2013,0,88,57,FALSE,0
8/8/2013,0,83,58,FALSE,0
8/9/2013,0,83,58,FALSE,0
8/10/2013,0.09,78,59,TRUE,1
8/11/2013,0,77,58,FALSE,0
8/12/2013,0,78,61,FALSE,0
8/13/2013,0,82,59,FALSE,0
8/14/2013,0.03,81,59,TRUE,1
8/15/2013,0.07,70,63,TRUE,1
8/16/2013,0,84,61,FALSE,0
8/17/2013,0,78,63,FALSE,0
8/18/2013,0,79,60,FALSE,0
8/19/2013,0,80,60,FALSE,0
8/20/2013,0,78,61,FALSE,0
8/21/2013,0,82,59,FALSE,0
8/22/2013,0,84,59,FALSE,0
8/23/2013,0,77,61,FALSE,0
8/24/2013,0,77,62,FALSE,0
8/25/2013,0.01,72,61,TRUE,1
8/26/2013,0.04,76,61,TRUE,1
8/27/2013,0.05,80,63,TRUE,1
8/28/2013,0.22,80,60,TRUE,1
8/29/2013,0.76,75,65,TRUE,1
8/30/2013,0,79,61,FALSE,0
8/31/2013,0,82,57,FALSE,0
9/1/2013,0,82,60,FALSE,0
9/2/2013,0,82,63,FALSE,0
9/3/2013,0.09,77,62,TRUE,1
9/4/2013,0.01,73,61,TRUE,1
9/5/2013,1.09,68,60,TRUE,1
9/6/2013,0.84,71,61,TRUE,1
9/7/2013,0,74,63,FALSE,0
9/8/2013,0,80,58,FALSE,0
9/9/2013,0,79,57,FALSE,0
9/10/2013,0,80,59,FALSE,0
9/11/2013,0,93,61,FALSE,0
9/12/2013,0,78,59,FALSE,0
9/13/2013,0,66,60,FALSE,0
9/14/2013,0,71,60,FALSE,0
9/15/2013,0.13,66,58,TRUE,1
9/16/2013,0.01,71,59,TRUE,1
9/17/2013,0,64,57,FALSE,0
9/18/2013,0,70,56,FALSE,0
9/19/2013,0,78,50,FALSE,0
9/20/2013,0.14,74,56,TRUE,1
9/21/2013,0,70,56,FALSE,0
9/22/2013,0.53,63,56,TRUE,1
9/23/2013,0.11,61,52,TRUE,1
9/24/2013,0,64,50,FALSE,0
9/25/2013,0.08,61,49,TRUE,1
9/26/2013,0,63,45,FALSE,0
9/27/2013,0.04,57,51,TRUE,1
9/28/2013,1.71,62,53,TRUE,1
9/29/2013,0.66,58,52,TRUE,1
9/30/2013,0.73,57,50,TRUE,1
10/1/2013,0.31,58,48,TRUE,1
10/2/2013,0.21,55,49,TRUE,1
10/3/2013,0.03,58,48,TRUE,1
10/4/2013,0,64,42,FALSE,0
10/5/2013,0,68,47,FALSE,0
10/6/2013,0.16,73,46,TRUE,1
10/7/2013,0.02,61,53,TRUE,1
10/8/2013,0.27,57,46,TRUE,1
10/9/2013,0,59,42,FALSE,0
10/10/2013,0.04,58,47,TRUE,1
10/11/2013,0.36,57,51,TRUE,1
10/12/2013,0.04,58,48,TRUE,1
10/13/2013,0,59,44,FALSE,0
10/14/2013,0,60,39,FALSE,0
10/15/2013,0,60,41,FALSE,0
10/16/2013,0,55,48,FALSE,0
10/17/2013,0,58,48,FALSE,0
10/18/2013,0,55,45,FALSE,0
10/19/2013,0,51,46,FALSE,0
10/20/2013,0,51,46,FALSE,0
10/21/2013,0,53,47,FALSE,0
10/22/2013,0,58,45,FALSE,0
10/23/2013,0,55,43,FALSE,0
10/24/2013,0,50,43,FALSE,0
10/25/2013,0,54,46,FALSE,0
10/26/2013,0,53,47,FALSE,0
10/27/2013,0.07,57,47,TRUE,1
10/28/2013,0,58,45,FALSE,0
10/29/2013,0,56,38,FALSE,0
10/30/2013,0.02,59,42,TRUE,1
10/31/2013,0.01,58,51,TRUE,1
11/1/2013,0.05,64,53,TRUE,1
11/2/2013,0.5,58,47,TRUE,1
11/3/2013,0.02,54,40,TRUE,1
11/4/2013,0,51,39,FALSE,0
11/5/2013,0.1,56,45,TRUE,1
11/6/2013,0.15,55,46,TRUE,1
11/7/2013,1.18,52,50,TRUE,1
11/8/2013,0,56,45,FALSE,0
11/9/2013,0.07,52,41,TRUE,1
11/10/2013,0,52,47,FALSE,0
11/11/2013,0,61,43,FALSE,0
11/12/2013,0.16,60,48,TRUE,1
11/13/2013,0,57,51,FALSE,0
11/14/2013,0.05,52,43,TRUE,1
11/15/2013,0.12,51,45,TRUE,1
11/16/2013,0,50,41,FALSE,0
11/17/2013,0.21,53,45,TRUE,1
11/18/2013,1.03,55,49,TRUE,1
11/19/2013,0.04,56,40,TRUE,1
11/20/2013,0,46,35,FALSE,0
11/21/2013,0,46,31,FALSE,0
11/22/2013,0,49,32,FALSE,0
11/23/2013,0,52,34,FALSE,0
11/24/2013,0,53,33,FALSE,0
11/25/2013,0,54,36,FALSE,0
11/26/2013,0,54,37,FALSE,0
11/27/2013,0,58,42,FALSE,0
11/28/2013,0,53,38,FALSE,0
11/29/2013,0.02,49,41,TRUE,1
11/30/2013,0.09,52,45,TRUE,1
12/1/2013,0.12,56,46,TRUE,1
12/2/2013,0.18,46,35,TRUE,1
12/3/2013,0,41,31,FALSE,0
12/4/2013,0,40,28,FALSE,0
12/5/2013,0,34,23,FALSE,0
12/6/2013,0,34,24,FALSE,0
12/7/2013,0,32,19,FALSE,0
12/8/2013,0,36,20,FALSE,0
12/9/2013,0,34,23,FALSE,0
12/10/2013,0,42,33,FALSE,0
12/11/2013,0,41,29,FALSE,0
12/12/2013,0.27,42,31,TRUE,1
12/13/2013,0.02,49,42,TRUE,1
12/14/2013,0,49,43,FALSE,0
12/15/2013,0.05,53,47,TRUE,1
12/16/2013,0.01,50,40,TRUE,1
12/17/2013,0,47,40,FALSE,0
12/18/2013,0.05,46,36,TRUE,1
12/19/2013,0,41,32,FALSE,0
12/20/2013,0.22,47,33,TRUE,1
12/21/2013,0.22,48,42,TRUE,1
12/22/2013,0.42,51,47,TRUE,1
12/23/2013,0.06,53,43,TRUE,1
12/24/2013,0,47,37,FALSE,0
12/25/2013,0,44,35,FALSE,0
12/26/2013,0,44,33,FALSE,0
12/27/2013,0.01,48,32,TRUE,1
12/28/2013,0,49,38,FALSE,0
12/29/2013,0,45,35,FALSE,0
12/30/2013,0.01,48,40,TRUE,1
12/31/2013,0.02,47,41,TRUE,1
1/1/2014,0,45,38,FALSE,0
1/2/2014,0.16,51,43,TRUE,1
1/3/2014,0.06,48,37,TRUE,1
1/4/2014,0,46,33,FALSE,0
1/5/2014,0,47,31,FALSE,0
1/6/2014,0.01,46,31,TRUE,1
1/7/2014,0.48,47,41,TRUE,1
1/8/2014,0.38,50,45,TRUE,1
1/9/2014,0.23,49,42,TRUE,1
1/10/2014,0.17,55,47,TRUE,1
1/11/2014,0.84,58,45,TRUE,1
1/12/2014,0.06,52,42,TRUE,1
1/13/2014,0,51,50,FALSE,0
1/14/2014,0,52,45,FALSE,0
1/15/2014,0,52,42,FALSE,0
1/16/2014,0,44,40,FALSE,0
1/17/2014,0,42,37,FALSE,0
1/18/2014,0,49,33,FALSE,0
1/19/2014,0,43,38,FALSE,0
1/20/2014,0,50,37,FALSE,0
1/21/2014,0,50,35,FALSE,0
1/22/2014,0.02,49,42,TRUE,1
1/23/2014,0,50,37,FALSE,0
1/24/2014,0,55,34,FALSE,0
1/25/2014,0,54,34,FALSE,0
1/26/2014,0,47,33,FALSE,0
1/27/2014,0,49,35,FALSE,0
1/28/2014,0.35,52,43,TRUE,1
1/29/2014,0.85,52,45,TRUE,1
1/30/2014,0,47,43,FALSE,0
1/31/2014,0.09,46,42,TRUE,1
2/1/2014,0.08,46,37,TRUE,1
2/2/2014,0,48,34,FALSE,0
2/3/2014,0,41,32,FALSE,0
2/4/2014,0,37,28,FALSE,0
2/5/2014,0,31,22,FALSE,0
2/6/2014,0,29,21,FALSE,0
2/7/2014,0,38,23,FALSE,0
2/8/2014,0.2,42,31,TRUE,1
2/9/2014,0.02,39,32,TRUE,1
2/10/2014,0.72,50,36,TRUE,1
2/11/2014,0.67,54,42,TRUE,1
2/12/2014,0.18,54,45,TRUE,1
2/13/2014,0.07,55,46,TRUE,1
2/14/2014,0.37,53,43,TRUE,1
2/15/2014,0.46,52,41,TRUE,1
2/16/2014,1.04,49,39,TRUE,1
2/17/2014,0.57,47,40,TRUE,1
2/18/2014,0.6,48,41,TRUE,1
2/19/2014,0.04,47,39,TRUE,1
2/20/2014,0.12,50,42,TRUE,1
2/21/2014,0.11,44,39,TRUE,1
2/22/2014,0.1,42,37,TRUE,1
2/23/2014,0.24,45,39,TRUE,1
2/24/2014,0.51,44,38,TRUE,1
2/25/2014,0.01,54,39,TRUE,1
2/26/2014,0,57,42,FALSE,0
2/27/2014,0,55,40,FALSE,0
2/28/2014,0,58,40,FALSE,0
3/1/2014,0.02,45,40,TRUE,1
3/2/2014,0.75,52,37,TRUE,1
3/3/2014,0.42,58,48,TRUE,1
3/4/2014,0.65,57,46,TRUE,1
3/5/2014,1.84,60,51,TRUE,1
3/6/2014,0.12,56,50,TRUE,1
3/7/2014,0,60,48,FALSE,0
3/8/2014,1.27,55,44,TRUE,1
3/9/2014,0.17,59,49,TRUE,1
3/10/2014,0.74,54,43,TRUE,1
3/11/2014,0,58,40,FALSE,0
3/12/2014,0,61,38,FALSE,0
3/13/2014,0.02,57,41,TRUE,1
3/14/2014,0.27,58,47,TRUE,1
3/15/2014,0.32,62,40,TRUE,1
3/16/2014,1.09,51,40,TRUE,1
3/17/2014,0.01,50,37,TRUE,1
3/18/2014,0,50,38,FALSE,0
3/19/2014,0.02,52,38,TRUE,1
3/20/2014,0,52,35,FALSE,0
3/21/2014,0,51,37,FALSE,0
3/22/2014,0,52,34,FALSE,0
3/23/2014,0,55,40,FALSE,0
3/24/2014,0,66,37,FALSE,0
3/25/2014,0.16,57,44,TRUE,1
3/26/2014,0.14,52,42,TRUE,1
3/27/2014,0.01,54,44,TRUE,1
3/28/2014,0.87,53,45,TRUE,1
3/29/2014,0.55,53,45,TRUE,1
3/30/2014,0,52,41,FALSE,0
3/31/2014,0,60,36,FALSE,0
4/1/2014,0,58,44,FALSE,0
4/2/2014,0,58,42,FALSE,0
4/3/2014,0.1,56,43,TRUE,1
4/4/2014,0,55,43,FALSE,0
4/5/2014,0.18,53,46,TRUE,1
4/6/2014,0,57,47,FALSE,0
4/7/2014,0,70,49,FALSE,0
4/8/2014,0.18,60,47,TRUE,1
4/9/2014,0,58,44,FALSE,0
4/10/2014,0,59,44,FALSE,0
4/11/2014,0,63,41,FALSE,0
4/12/2014,0,61,46,FALSE,0
4/13/2014,0,69,42,FALSE,0
4/14/2014,0,68,42,FALSE,0
4/15/2014,0.02,58,46,TRUE,1
4/16/2014,0.43,52,48,TRUE,1
4/17/2014,0.73,53,45,TRUE,1
4/18/2014,0,58,42,FALSE,0
4/19/2014,0.54,53,42,TRUE,1
4/20/2014,0,60,42,FALSE,0
4/21/2014,0.2,63,46,TRUE,1
4/22/2014,0.56,54,41,TRUE,1
4/23/2014,0.35,53,43,TRUE,1
4/24/2014,0.49,57,43,TRUE,1
4/25/2014,0,58,42,FALSE,0
4/26/2014,0.13,59,42,TRUE,1
4/27/2014,0.27,52,43,TRUE,1
4/28/2014,0,61,40,FALSE,0
4/29/2014,0,77,49,FALSE,0
4/30/2014,0,82,49,FALSE,0
5/1/2014,0,85,52,FALSE,0
5/2/2014,0,65,51,FALSE,0
5/3/2014,1.31,59,48,TRUE,1
5/4/2014,0.63,58,48,TRUE,1
5/5/2014,0.2,60,49,TRUE,1
5/6/2014,0,62,47,FALSE,0
5/7/2014,0,65,45,FALSE,0
5/8/2014,0.54,57,49,TRUE,1
5/9/2014,0.08,56,45,TRUE,1
5/10/2014,0.02,60,45,TRUE,1
5/11/2014,0,66,47,FALSE,0
5/12/2014,0,76,49,FALSE,0
5/13/2014,0,80,55,FALSE,0
5/14/2014,0,82,56,FALSE,0
5/15/2014,0,80,55,FALSE,0
5/16/2014,0,68,53,FALSE,0
5/17/2014,0,68,53,FALSE,0
5/18/2014,0,68,51,FALSE,0
5/19/2014,0,70,50,FALSE,0
5/20/2014,0,72,50,FALSE,0
5/21/2014,0,68,51,FALSE,0
5/22/2014,0,76,53,FALSE,0
5/23/2014,0.15,68,55,TRUE,1
5/24/2014,0,65,52,FALSE,0
5/25/2014,0.22,59,51,TRUE,1
5/26/2014,0,65,52,FALSE,0
5/27/2014,0,68,50,FALSE,0
5/28/2014,0,66,50,FALSE,0
5/29/2014,0,66,52,FALSE,0
5/30/2014,0,69,48,FALSE,0
5/31/2014,0,74,50,FALSE,0
6/1/2014,0,72,51,FALSE,0
6/2/2014,0,74,52,FALSE,0
6/3/2014,0,65,52,FALSE,0
6/4/2014,0,67,50,FALSE,0
6/5/2014,0,72,50,FALSE,0
6/6/2014,0,77,51,FALSE,0
6/7/2014,0,76,56,FALSE,0
6/8/2014,0,74,54,FALSE,0
6/9/2014,0,70,56,FALSE,0
6/10/2014,0,68,54,FALSE,0
6/11/2014,0,75,52,FALSE,0
6/12/2014,0.07,71,54,TRUE,1
6/13/2014,0.25,60,52,TRUE,1
6/14/2014,0,64,53,FALSE,0
6/15/2014,0.02,65,50,TRUE,1
6/16/2014,0.14,64,48,TRUE,1
6/17/2014,0.05,64,50,TRUE,1
6/18/2014,0,66,52,FALSE,0
6/19/2014,0.03,78,53,TRUE,1
6/20/2014,0.01,68,50,TRUE,1
6/21/2014,0,72,51,FALSE,0
6/22/2014,0,77,52,FALSE,0
6/23/2014,0,77,56,FALSE,0
6/24/2014,0,76,58,FALSE,0
6/25/2014,0,79,57,FALSE,0
6/26/2014,0,70,58,FALSE,0
6/27/2014,0.07,70,57,TRUE,1
6/28/2014,0.09,68,56,TRUE,1
6/29/2014,0,69,55,FALSE,0
6/30/2014,0,78,55,FALSE,0
7/1/2014,0,94,60,FALSE,0
7/2/2014,0,81,58,FALSE,0
7/3/2014,0,71,57,FALSE,0
7/4/2014,0,75,57,FALSE,0
7/5/2014,0,76,56,FALSE,0
7/6/2014,0,84,59,FALSE,0
7/7/2014,0,81,64,FALSE,0
7/8/2014,0,86,60,FALSE,0
7/9/2014,0,80,57,FALSE,0
7/10/2014,0,84,55,FALSE,0
7/11/2014,0,88,59,FALSE,0
7/12/2014,0,90,62,FALSE,0
7/13/2014,0,85,59,FALSE,0
7/14/2014,0,82,59,FALSE,0
7/15/2014,0,88,57,FALSE,0
7/16/2014,0,88,58,FALSE,0
7/17/2014,0,80,57,FALSE,0
7/18/2014,0,75,53,FALSE,0
7/19/2014,0,78,59,FALSE,0
7/20/2014,0,67,58,FALSE,0
7/21/2014,0,75,56,FALSE,0
7/22/2014,0.01,70,56,TRUE,1
7/23/2014,0.76,66,56,TRUE,1
7/24/2014,0,69,55,FALSE,0
7/25/2014,0,73,54,FALSE,0
7/26/2014,0,79,56,FALSE,0
7/27/2014,0,83,59,FALSE,0
7/28/2014,0,87,59,FALSE,0
7/29/2014,0,86,60,FALSE,0
7/30/2014,0,85,58,FALSE,0
7/31/2014,0,87,64,FALSE,0
8/1/2014,0,84,59,FALSE,0
8/2/2014,0.02,85,60,TRUE,1
8/3/2014,0,89,58,FALSE,0
8/4/2014,0,91,61,FALSE,0
8/5/2014,0,77,57,FALSE,0
8/6/2014,0,79,59,FALSE,0
8/7/2014,0,78,56,FALSE,0
8/8/2014,0,78,56,FALSE,0
8/9/2014,0,81,60,FALSE,0
8/10/2014,0,87,57,FALSE,0
8/11/2014,0.02,96,64,TRUE,1
8/12/2014,0.5,81,63,TRUE,1
8/13/2014,0.85,74,59,TRUE,1
8/14/2014,0,70,63,FALSE,0
8/15/2014,0.04,76,62,TRUE,1
8/16/2014,0,78,60,FALSE,0
8/17/2014,0,82,59,FALSE,0
8/18/2014,0,85,60,FALSE,0
8/19/2014,0,81,60,FALSE,0
8/20/2014,0,71,57,FALSE,0
8/21/2014,0,70,52,FALSE,0
8/22/2014,0,75,56,FALSE,0
8/23/2014,0,82,57,FALSE,0
8/24/2014,0,77,56,FALSE,0
8/25/2014,0,84,58,FALSE,0
8/26/2014,0,88,60,FALSE,0
8/27/2014,0,84,61,FALSE,0
8/28/2014,0,74,58,FALSE,0
8/29/2014,0,73,59,FALSE,0
8/30/2014,0.33,64,59,TRUE,1
8/31/2014,0.05,70,57,TRUE,1
9/1/2014,0,74,55,FALSE,0
9/2/2014,0.12,68,57,TRUE,1
9/3/2014,0,69,55,FALSE,0
9/4/2014,0,75,52,FALSE,0
9/5/2014,0,82,57,FALSE,0
9/6/2014,0,90,59,FALSE,0
9/7/2014,0,83,56,FALSE,0
9/8/2014,0,70,56,FALSE,0
9/9/2014,0,71,56,FALSE,0
9/10/2014,0,72,54,FALSE,0
9/11/2014,0,76,55,FALSE,0
9/12/2014,0,76,55,FALSE,0
9/13/2014,0,83,50,FALSE,0
9/14/2014,0,86,53,FALSE,0
9/15/2014,0,87,54,FALSE,0
9/16/2014,0,72,57,FALSE,0
9/17/2014,0.02,73,58,TRUE,1
9/18/2014,0.01,67,59,TRUE,1
9/19/2014,0,75,61,FALSE,0
9/20/2014,0,76,58,FALSE,0
9/21/2014,0,79,55,FALSE,0
9/22/2014,0.01,72,59,TRUE,1
9/23/2014,0.72,66,58,TRUE,1
9/24/2014,0.8,66,58,TRUE,1
9/25/2014,0.17,71,58,TRUE,1
9/26/2014,0.35,68,57,TRUE,1
9/27/2014,0,69,53,FALSE,0
9/28/2014,0,66,54,FALSE,0
9/29/2014,0.03,62,52,TRUE,1
9/30/2014,0,67,54,FALSE,0
10/1/2014,0,65,52,FALSE,0
10/2/2014,0,67,50,FALSE,0
10/3/2014,0,72,48,FALSE,0
10/4/2014,0,71,54,FALSE,0
10/5/2014,0,75,53,FALSE,0
10/6/2014,0,78,56,FALSE,0
10/7/2014,0,66,57,FALSE,0
10/8/2014,0,69,55,FALSE,0
10/9/2014,0,63,52,FALSE,0
10/10/2014,0.01,65,50,TRUE,1
10/11/2014,0.29,65,53,TRUE,1
10/12/2014,0,64,53,FALSE,0
10/13/2014,0.3,70,50,TRUE,1
10/14/2014,0.28,62,53,TRUE,1
10/15/2014,0.34,61,53,TRUE,1
10/16/2014,0,69,52,FALSE,0
10/17/2014,0.13,62,53,TRUE,1
10/18/2014,0.59,67,57,TRUE,1
10/19/2014,0,72,55,FALSE,0
10/20/2014,0.46,61,54,TRUE,1
10/21/2014,0.04,61,53,TRUE,1
10/22/2014,1.26,60,53,TRUE,1
10/23/2014,0.37,58,47,TRUE,1
10/24/2014,0.16,58,48,TRUE,1
10/25/2014,0.24,62,47,TRUE,1
10/26/2014,0.06,55,46,TRUE,1
10/27/2014,0.03,60,44,TRUE,1
10/28/2014,0.5,59,49,TRUE,1
10/29/2014,0.02,62,53,TRUE,1
10/30/2014,1,60,52,TRUE,1
10/31/2014,0.67,55,47,TRUE,1
11/1/2014,0,52,45,FALSE,0
11/2/2014,0.07,56,45,TRUE,1
11/3/2014,0.43,57,52,TRUE,1
11/4/2014,0.16,58,51,TRUE,1
11/5/2014,0.19,59,51,TRUE,1
11/6/2014,0.16,62,51,TRUE,1
11/7/2014,0,58,45,FALSE,0
11/8/2014,0,55,39,FALSE,0
11/9/2014,0.2,56,46,TRUE,1
11/10/2014,0,52,42,FALSE,0
11/11/2014,0,46,34,FALSE,0
11/12/2014,0,44,32,FALSE,0
11/13/2014,0,45,33,FALSE,0
11/14/2014,0,45,28,FALSE,0
11/15/2014,0,47,29,FALSE,0
11/16/2014,0,49,28,FALSE,0
11/17/2014,0,51,28,FALSE,0
11/18/2014,0,45,31,FALSE,0
11/19/2014,0,52,36,FALSE,0
11/20/2014,0.14,52,42,TRUE,1
11/21/2014,0.6,52,47,TRUE,1
11/22/2014,0.02,49,44,TRUE,1
11/23/2014,0.47,55,42,TRUE,1
11/24/2014,0.05,53,40,TRUE,1
11/25/2014,0.72,57,49,TRUE,1
11/26/2014,0.01,59,54,TRUE,1
11/27/2014,0.13,58,53,TRUE,1
11/28/2014,1.35,55,38,TRUE,1
11/29/2014,0.14,40,24,TRUE,1
11/30/2014,0,37,23,FALSE,0
12/1/2014,0,40,26,FALSE,0
12/2/2014,0,42,26,FALSE,0
12/3/2014,0,50,32,FALSE,0
12/4/2014,0.03,47,39,TRUE,1
12/5/2014,0.12,55,44,TRUE,1
12/6/2014,0.29,53,46,TRUE,1
12/7/2014,0,58,43,FALSE,0
12/8/2014,0.36,58,48,TRUE,1
12/9/2014,0.39,61,51,TRUE,1
12/10/2014,0.51,66,50,TRUE,1
12/11/2014,0.27,58,47,TRUE,1
12/12/2014,0,52,45,FALSE,0
12/13/2014,0,50,39,FALSE,0
12/14/2014,0,55,35,FALSE,0
12/15/2014,0,54,44,FALSE,0
12/16/2014,0,50,47,FALSE,0
12/17/2014,0.11,48,43,TRUE,1
12/18/2014,0.51,49,44,TRUE,1
12/19/2014,0.12,52,45,TRUE,1
12/20/2014,0.77,55,44,TRUE,1
12/21/2014,0,55,50,FALSE,0
12/22/2014,0,51,43,FALSE,0
12/23/2014,0.81,54,41,TRUE,1
12/24/2014,0.21,45,39,TRUE,1
12/25/2014,0,46,37,FALSE,0
12/26/2014,0,42,35,FALSE,0
12/27/2014,0.13,49,40,TRUE,1
12/28/2014,0.16,44,37,TRUE,1
12/29/2014,0,43,33,FALSE,0
12/30/2014,0,38,28,FALSE,0
12/31/2014,0,38,27,FALSE,0
1/1/2015,0,42,26,FALSE,0
1/2/2015,0.06,42,32,TRUE,1
1/3/2015,0,41,35,FALSE,0
1/4/2015,0.4,51,38,TRUE,1
1/5/2015,0.32,54,49,TRUE,1
1/6/2015,0,54,43,FALSE,0
1/7/2015,0,46,42,FALSE,0
1/8/2015,0,46,35,FALSE,0
1/9/2015,0.01,50,38,TRUE,1
1/10/2015,0.23,46,43,TRUE,1
1/11/2015,0.06,49,45,TRUE,1
1/12/2015,0,52,40,FALSE,0
1/13/2015,0,49,37,FALSE,0
1/14/2015,0,43,33,FALSE,0
1/15/2015,0.38,46,34,TRUE,1
1/16/2015,0,53,42,FALSE,0
1/17/2015,1.03,56,38,TRUE,1
1/18/2015,0.84,57,45,TRUE,1
1/19/2015,0.02,50,43,TRUE,1
1/20/2015,0,50,38,FALSE,0
1/21/2015,0,45,31,FALSE,0
1/22/2015,0.03,49,43,TRUE,1
1/23/2015,0.23,54,47,TRUE,1
1/24/2015,0.02,58,52,TRUE,1
1/25/2015,0,63,45,FALSE,0
1/26/2015,0,61,43,FALSE,0
1/27/2015,0.03,52,47,TRUE,1
1/28/2015,0,54,41,FALSE,0
1/29/2015,0,54,38,FALSE,0
1/30/2015,0,47,34,FALSE,0
1/31/2015,0,45,38,FALSE,0
2/1/2015,0.06,49,40,TRUE,1
2/2/2015,0.29,52,41,TRUE,1
2/3/2015,0.05,50,42,TRUE,1
2/4/2015,0.33,51,40,TRUE,1
2/5/2015,1.03,56,47,TRUE,1
2/6/2015,0.68,58,50,TRUE,1
2/7/2015,0.93,54,49,TRUE,1
2/8/2015,0.14,59,47,TRUE,1
2/9/2015,0.24,56,47,TRUE,1
2/10/2015,0.01,55,47,TRUE,1
2/11/2015,0,55,42,FALSE,0
2/12/2015,0.04,62,49,TRUE,1
2/13/2015,0,60,44,FALSE,0
2/14/2015,0.01,58,44,TRUE,1
2/15/2015,0,54,39,FALSE,0
2/16/2015,0,59,42,FALSE,0
2/17/2015,0,61,40,FALSE,0
2/18/2015,0,54,40,FALSE,0
2/19/2015,0.18,51,47,TRUE,1
2/20/2015,0.03,52,45,TRUE,1
2/21/2015,0,54,42,FALSE,0
2/22/2015,0,53,38,FALSE,0
2/23/2015,0,55,33,FALSE,0
2/24/2015,0,52,36,FALSE,0
2/25/2015,0.16,50,44,TRUE,1
2/26/2015,0.37,53,46,TRUE,1
2/27/2015,0.72,50,44,TRUE,1
2/28/2015,0,54,38,FALSE,0
3/1/2015,0,52,34,FALSE,0
3/2/2015,0,52,40,FALSE,0
3/3/2015,0,51,32,FALSE,0
3/4/2015,0,55,31,FALSE,0
3/5/2015,0,56,37,FALSE,0
3/6/2015,0,59,38,FALSE,0
3/7/2015,0,62,39,FALSE,0
3/8/2015,0,63,39,FALSE,0
3/9/2015,0,58,40,FALSE,0
3/10/2015,0.03,56,41,TRUE,1
3/11/2015,0.1,58,48,TRUE,1
3/12/2015,0,64,49,FALSE,0
3/13/2015,0.08,63,46,TRUE,1
3/14/2015,0.67,57,49,TRUE,1
3/15/2015,2.2,51,43,TRUE,1
3/16/2015,0.04,57,43,TRUE,1
3/17/2015,0.03,56,40,TRUE,1
3/18/2015,0,60,45,FALSE,0
3/19/2015,0,60,47,FALSE,0
3/20/2015,0.16,57,48,TRUE,1
3/21/2015,0.15,56,47,TRUE,1
3/22/2015,0.04,53,43,TRUE,1
3/23/2015,0.32,52,42,TRUE,1
3/24/2015,0.3,55,43,TRUE,1
3/25/2015,0.2,58,45,TRUE,1
3/26/2015,0,69,50,FALSE,0
3/27/2015,0.04,65,48,TRUE,1
3/28/2015,0,60,49,FALSE,0
3/29/2015,0,60,48,FALSE,0
3/30/2015,0.07,64,51,TRUE,1
3/31/2015,0.04,55,43,TRUE,1
4/1/2015,0.2,55,42,TRUE,1
4/2/2015,0,56,42,FALSE,0
4/3/2015,0.06,52,41,TRUE,1
4/4/2015,0,55,39,FALSE,0
4/5/2015,0,62,37,FALSE,0
4/6/2015,0.04,57,44,TRUE,1
4/7/2015,0.02,58,44,TRUE,1
4/8/2015,0,63,43,FALSE,0
4/9/2015,0,63,43,FALSE,0
4/10/2015,0.43,57,46,TRUE,1
4/11/2015,0,53,42,FALSE,0
4/12/2015,0,56,42,FALSE,0
4/13/2015,0.55,53,39,TRUE,1
4/14/2015,0.13,53,37,TRUE,1
4/15/2015,0,57,38,FALSE,0
4/16/2015,0,64,39,FALSE,0
4/17/2015,0,66,43,FALSE,0
4/18/2015,0,66,47,FALSE,0
4/19/2015,0,70,47,FALSE,0
4/20/2015,0,73,46,FALSE,0
4/21/2015,0.22,63,44,TRUE,1
4/22/2015,0,60,41,FALSE,0
4/23/2015,0.12,54,44,TRUE,1
4/24/2015,0.13,54,43,TRUE,1
4/25/2015,0.05,56,42,TRUE,1
4/26/2015,0,60,40,FALSE,0
4/27/2015,0.01,77,51,TRUE,1
4/28/2015,0.07,60,48,TRUE,1
4/29/2015,0,61,45,FALSE,0
4/30/2015,0,63,46,FALSE,0
5/1/2015,0,65,48,FALSE,0
5/2/2015,0,65,46,FALSE,0
5/3/2015,0,69,46,FALSE,0
5/4/2015,0,63,45,FALSE,0
5/5/2015,0.24,58,45,TRUE,1
5/6/2015,0,62,45,FALSE,0
5/7/2015,0,69,43,FALSE,0
5/8/2015,0,75,47,FALSE,0
5/9/2015,0,80,49,FALSE,0
5/10/2015,0,67,52,FALSE,0
5/11/2015,0,57,50,FALSE,0
5/12/2015,0.17,60,51,TRUE,1
5/13/2015,0.16,54,50,TRUE,1
5/14/2015,0.01,64,49,TRUE,1
5/15/2015,0,68,49,FALSE,0
5/16/2015,0,60,52,FALSE,0
5/17/2015,0,67,51,FALSE,0
5/18/2015,0,78,54,FALSE,0
5/19/2015,0,71,53,FALSE,0
5/20/2015,0,74,51,FALSE,0
5/21/2015,0,78,53,FALSE,0
5/22/2015,0,62,53,FALSE,0
5/23/2015,0,61,53,FALSE,0
5/24/2015,0,64,52,FALSE,0
5/25/2015,0,60,52,FALSE,0
5/26/2015,0,71,53,FALSE,0
5/27/2015,0,76,53,FALSE,0
5/28/2015,0,82,54,FALSE,0
5/29/2015,0,79,55,FALSE,0
5/30/2015,0,73,50,FALSE,0
5/31/2015,0,77,53,FALSE,0
6/1/2015,0.18,61,53,TRUE,1
6/2/2015,0.02,64,55,TRUE,1
6/3/2015,0,68,53,FALSE,0
6/4/2015,0,73,53,FALSE,0
6/5/2015,0,80,55,FALSE,0
6/6/2015,0,85,56,FALSE,0
6/7/2015,0,88,60,FALSE,0
6/8/2015,0,87,58,FALSE,0
6/9/2015,0,84,58,FALSE,0
6/10/2015,0,78,52,FALSE,0
6/11/2015,0,76,52,FALSE,0
6/12/2015,0,68,53,FALSE,0
6/13/2015,0,75,49,FALSE,0
6/14/2015,0,82,53,FALSE,0
6/15/2015,0,86,61,FALSE,0
6/16/2015,0,73,52,FALSE,0
6/17/2015,0,77,52,FALSE,0
6/18/2015,0,76,57,FALSE,0
6/19/2015,0.02,75,56,TRUE,1
6/20/2015,0,77,55,FALSE,0
6/21/2015,0,78,57,FALSE,0
6/22/2015,0,77,55,FALSE,0
6/23/2015,0,79,53,FALSE,0
6/24/2015,0,78,61,FALSE,0
6/25/2015,0,87,60,FALSE,0
6/26/2015,0,89,64,FALSE,0
6/27/2015,0,92,63,FALSE,0
6/28/2015,0.01,83,65,TRUE,1
6/29/2015,0,84,63,FALSE,0
6/30/2015,0,87,59,FALSE,0
7/1/2015,0,90,63,FALSE,0
7/2/2015,0,93,64,FALSE,0
7/3/2015,0,92,64,FALSE,0
7/4/2015,0,92,59,FALSE,0
7/5/2015,0,91,62,FALSE,0
7/6/2015,0,85,60,FALSE,0
7/7/2015,0,81,57,FALSE,0
7/8/2015,0,86,58,FALSE,0
7/9/2015,0,84,58,FALSE,0
7/10/2015,0,70,62,FALSE,0
7/11/2015,0,72,62,FALSE,0
7/12/2015,0,79,62,FALSE,0
7/13/2015,0,78,61,FALSE,0
7/14/2015,0,82,61,FALSE,0
7/15/2015,0,79,58,FALSE,0
7/16/2015,0,79,59,FALSE,0
7/17/2015,0,82,57,FALSE,0
7/18/2015,0,92,64,FALSE,0
7/19/2015,0,95,63,FALSE,0
7/20/2015,0,80,62,FALSE,0
7/21/2015,0,75,59,FALSE,0
7/22/2015,0,75,57,FALSE,0
7/23/2015,0,79,58,FALSE,0
7/24/2015,0.01,73,56,TRUE,1
7/25/2015,0,70,58,FALSE,0
7/26/2015,0.08,72,57,TRUE,1
7/27/2015,0,74,54,FALSE,0
7/28/2015,0,82,57,FALSE,0
7/29/2015,0,90,58,FALSE,0
7/30/2015,0,94,63,FALSE,0
7/31/2015,0,94,64,FALSE,0
8/1/2015,0,92,60,FALSE,0
8/2/2015,0,87,61,FALSE,0
8/3/2015,0,83,63,FALSE,0
8/4/2015,0,79,58,FALSE,0
8/5/2015,0,74,54,FALSE,0
8/6/2015,0,77,59,FALSE,0
8/7/2015,0,83,60,FALSE,0
8/8/2015,0,77,60,FALSE,0
8/9/2015,0,83,59,FALSE,0
8/10/2015,0,84,61,FALSE,0
8/11/2015,0,86,62,FALSE,0
8/12/2015,0.3,83,62,TRUE,1
8/13/2015,0,83,60,FALSE,0
8/14/2015,1.2,65,59,TRUE,1
8/15/2015,0,71,57,FALSE,0
8/16/2015,0,77,58,FALSE,0
8/17/2015,0,81,57,FALSE,0
8/18/2015,0,86,59,FALSE,0
8/19/2015,0,89,61,FALSE,0
8/20/2015,0.08,73,58,TRUE,1
8/21/2015,0,72,58,FALSE,0
8/22/2015,0,80,54,FALSE,0
8/23/2015,0,82,57,FALSE,0
8/24/2015,0,75,54,FALSE,0
8/25/2015,0,78,54,FALSE,0
8/26/2015,0,83,57,FALSE,0
8/27/2015,0,85,58,FALSE,0
8/28/2015,0.02,74,60,TRUE,1
8/29/2015,1.28,72,56,TRUE,1
8/30/2015,0.4,68,55,TRUE,1
8/31/2015,0,66,61,FALSE,0
9/1/2015,0.23,67,57,TRUE,1
9/2/2015,0,67,52,FALSE,0
9/3/2015,0,65,51,FALSE,0
9/4/2015,0,65,50,FALSE,0
9/5/2015,0.01,69,48,TRUE,1
9/6/2015,0.21,61,53,TRUE,1
9/7/2015,0.01,70,56,TRUE,1
9/8/2015,0,73,56,FALSE,0
9/9/2015,0,76,57,FALSE,0
9/10/2015,0,77,58,FALSE,0
9/11/2015,0,81,59,FALSE,0
9/12/2015,0,80,58,FALSE,0
9/13/2015,0.02,69,55,TRUE,1
9/14/2015,0,62,51,FALSE,0
9/15/2015,0,64,50,FALSE,0
9/16/2015,0.04,68,50,TRUE,1
9/17/2015,0.07,65,55,TRUE,1
9/18/2015,0,67,55,FALSE,0
9/19/2015,0,70,58,FALSE,0
9/20/2015,0.16,73,54,TRUE,1
9/21/2015,0,65,49,FALSE,0
9/22/2015,0,66,46,FALSE,0
9/23/2015,0,69,47,FALSE,0
9/24/2015,0,72,52,FALSE,0
9/25/2015,0.08,60,55,TRUE,1
9/26/2015,0,65,50,FALSE,0
9/27/2015,0,64,45,FALSE,0
9/28/2015,0,70,49,FALSE,0
9/29/2015,0,71,48,FALSE,0
9/30/2015,0,65,50,FALSE,0
10/1/2015,0,70,49,FALSE,0
10/2/2015,0,60,50,FALSE,0
10/3/2015,0,67,52,FALSE,0
10/4/2015,0,73,50,FALSE,0
10/5/2015,0,74,49,FALSE,0
10/6/2015,0,65,50,FALSE,0
10/7/2015,0.39,61,57,TRUE,1
10/8/2015,0,66,56,FALSE,0
10/9/2015,0.01,67,54,TRUE,1
10/10/2015,1.13,70,56,TRUE,1
10/11/2015,0,64,51,FALSE,0
10/12/2015,0.18,65,51,TRUE,1
10/13/2015,0.05,62,49,TRUE,1
10/14/2015,0,59,50,FALSE,0
10/15/2015,0,70,49,FALSE,0
10/16/2015,0,68,48,FALSE,0
10/17/2015,0.01,67,53,TRUE,1
10/18/2015,0.15,59,55,TRUE,1
10/19/2015,0.01,63,54,TRUE,1
10/20/2015,0,64,51,FALSE,0
10/21/2015,0,61,47,FALSE,0
10/22/2015,0,61,48,FALSE,0
10/23/2015,0,55,45,FALSE,0
10/24/2015,0,59,48,FALSE,0
10/25/2015,0.35,67,48,TRUE,1
10/26/2015,0.27,54,50,TRUE,1
10/27/2015,0,61,46,FALSE,0
10/28/2015,0.13,57,52,TRUE,1
10/29/2015,0.07,59,54,TRUE,1
10/30/2015,0.76,63,53,TRUE,1
10/31/2015,1.3,60,53,TRUE,1
11/1/2015,1.03,54,48,TRUE,1
11/2/2015,0.01,52,45,TRUE,1
11/3/2015,0.03,51,41,TRUE,1
11/4/2015,0,50,38,FALSE,0
11/5/2015,0.05,53,46,TRUE,1
11/6/2015,0,60,47,FALSE,0
11/7/2015,0.5,54,49,TRUE,1
11/8/2015,0.26,52,46,TRUE,1
11/9/2015,0.13,50,41,TRUE,1
11/10/2015,0.05,52,39,TRUE,1
11/11/2015,0.06,52,43,TRUE,1
11/12/2015,0.39,52,41,TRUE,1
11/13/2015,1.32,56,49,TRUE,1
11/14/2015,1.86,49,43,TRUE,1
11/15/2015,0.88,48,36,TRUE,1
11/16/2015,0.08,48,35,TRUE,1
11/17/2015,1.16,56,44,TRUE,1
11/18/2015,0.06,48,38,TRUE,1
11/19/2015,0.08,48,37,TRUE,1
11/20/2015,0,47,33,FALSE,0
11/21/2015,0,48,33,FALSE,0
11/22/2015,0,50,35,FALSE,0
11/23/2015,0.12,44,32,TRUE,1
11/24/2015,0.28,44,37,TRUE,1
11/25/2015,0,45,32,FALSE,0
11/26/2015,0,49,30,FALSE,0
11/27/2015,0,49,29,FALSE,0
11/28/2015,0,45,27,FALSE,0
11/29/2015,0,35,28,FALSE,0
11/30/2015,0.02,42,25,TRUE,1
12/1/2015,0.48,50,39,TRUE,1
12/2/2015,0.1,51,40,TRUE,1
12/3/2015,0.5,60,46,TRUE,1
12/4/2015,0.08,51,43,TRUE,1
12/5/2015,0.62,50,43,TRUE,1
12/6/2015,0.44,55,45,TRUE,1
12/7/2015,1.08,52,47,TRUE,1
12/8/2015,2.13,60,50,TRUE,1
12/9/2015,0.53,54,46,TRUE,1
12/10/2015,0.37,53,43,TRUE,1
12/11/2015,0.01,49,40,TRUE,1
12/12/2015,0.63,48,42,TRUE,1
12/13/2015,0.05,46,43,TRUE,1
12/14/2015,0,46,35,FALSE,0
12/15/2015,0.06,44,34,TRUE,1
12/16/2015,0.14,43,37,TRUE,1
12/17/2015,0.86,44,39,TRUE,1
12/18/2015,0.73,48,40,TRUE,1
12/19/2015,0,47,37,FALSE,0
12/20/2015,0.17,46,40,TRUE,1
12/21/2015,1.08,42,37,TRUE,1
12/22/2015,0.18,46,37,TRUE,1
12/23/2015,0.24,41,37,TRUE,1
12/24/2015,0.1,42,36,TRUE,1
12/25/2015,0.23,41,36,TRUE,1
12/26/2015,0,40,32,FALSE,0
12/27/2015,0.34,40,35,TRUE,1
12/28/2015,0.06,41,35,TRUE,1
12/29/2015,0,45,33,FALSE,0
12/30/2015,0,42,30,FALSE,0
12/31/2015,0,42,28,FALSE,0
1/1/2016,0,46,28,FALSE,0
1/2/2016,0,42,25,FALSE,0
1/3/2016,0.02,40,31,TRUE,1
1/4/2016,0.15,38,35,TRUE,1
1/5/2016,0.11,46,36,TRUE,1
1/6/2016,0,53,37,FALSE,0
1/7/2016,0,44,34,FALSE,0
1/8/2016,0,48,36,FALSE,0
1/9/2016,0,49,30,FALSE,0
1/10/2016,0,52,38,FALSE,0
1/11/2016,0.16,47,35,TRUE,1
1/12/2016,0.51,48,40,TRUE,1
1/13/2016,0.75,54,41,TRUE,1
1/14/2016,0,48,36,FALSE,0
1/15/2016,0.05,47,33,TRUE,1
1/16/2016,0.4,52,42,TRUE,1
1/17/2016,0.33,49,43,TRUE,1
1/18/2016,0.06,52,43,TRUE,1
1/19/2016,0.49,47,42,TRUE,1
1/20/2016,0.27,50,40,TRUE,1
1/21/2016,1.15,53,45,TRUE,1
1/22/2016,0.26,55,44,TRUE,1
1/23/2016,0.77,46,43,TRUE,1
1/24/2016,0,50,37,FALSE,0
1/25/2016,0,55,38,FALSE,0
1/26/2016,0.3,56,46,TRUE,1
1/27/2016,0.82,58,49,TRUE,1
1/28/2016,0.61,56,46,TRUE,1
1/29/2016,0.19,49,41,TRUE,1
1/30/2016,0.05,46,38,TRUE,1
1/31/2016,0,45,37,FALSE,0
2/1/2016,0.01,45,38,TRUE,1
2/2/2016,0.01,50,35,TRUE,1
2/3/2016,0.53,47,39,TRUE,1
2/4/2016,0.33,49,42,TRUE,1
2/5/2016,0.14,52,39,TRUE,1
2/6/2016,0,48,39,FALSE,0
2/7/2016,0,52,34,FALSE,0
2/8/2016,0,59,39,FALSE,0
2/9/2016,0,63,38,FALSE,0
2/10/2016,0.13,56,46,TRUE,1
2/11/2016,0.48,55,45,TRUE,1
2/12/2016,0.8,57,47,TRUE,1
2/13/2016,0.49,50,43,TRUE,1
2/14/2016,0.15,53,47,TRUE,1
2/15/2016,0.46,54,49,TRUE,1
2/16/2016,0,54,48,FALSE,0
2/17/2016,0.47,63,47,TRUE,1
2/18/2016,0.12,51,44,TRUE,1
2/19/2016,0.4,50,39,TRUE,1
2/20/2016,0,51,38,FALSE,0
2/21/2016,0.05,50,35,TRUE,1
2/22/2016,0.17,51,36,TRUE,1
2/23/2016,0,58,34,FALSE,0
2/24/2016,0.02,57,43,TRUE,1
2/25/2016,0,62,39,FALSE,0
2/26/2016,0.17,57,44,TRUE,1
2/27/2016,0.13,56,47,TRUE,1
2/28/2016,0.82,50,40,TRUE,1
2/29/2016,0.09,53,42,TRUE,1
3/1/2016,0.81,57,43,TRUE,1
3/2/2016,0.28,54,45,TRUE,1
3/3/2016,0.03,58,48,TRUE,1
3/4/2016,0.16,55,42,TRUE,1
3/5/2016,0.19,64,47,TRUE,1
3/6/2016,0.16,59,43,TRUE,1
3/7/2016,0.2,51,40,TRUE,1
3/8/2016,0.14,53,39,TRUE,1
3/9/2016,0.93,55,42,TRUE,1
3/10/2016,0.23,55,42,TRUE,1
3/11/2016,0.32,60,36,TRUE,1
3/12/2016,0.15,50,40,TRUE,1
3/13/2016,0.62,54,39,TRUE,1
3/14/2016,0.25,47,39,TRUE,1
3/15/2016,0,50,38,FALSE,0
3/16/2016,0,53,39,FALSE,0
3/17/2016,0,57,34,FALSE,0
3/18/2016,0,63,47,FALSE,0
3/19/2016,0,61,50,FALSE,0
3/20/2016,0.17,54,48,TRUE,1
3/21/2016,0.34,55,46,TRUE,1
3/22/2016,0,55,44,FALSE,0
3/23/2016,0.23,51,45,TRUE,1
3/24/2016,0,52,43,FALSE,0
3/25/2016,0,56,43,FALSE,0
3/26/2016,0.13,58,42,TRUE,1
3/27/2016,0.18,55,40,TRUE,1
3/28/2016,0,55,38,FALSE,0
3/29/2016,0,63,40,FALSE,0
3/30/2016,0,68,42,FALSE,0
3/31/2016,0,71,47,FALSE,0
4/1/2016,0,71,48,FALSE,0
4/2/2016,0,62,46,FALSE,0
4/3/2016,0.16,68,45,TRUE,1
4/4/2016,0.03,58,45,TRUE,1
4/5/2016,0,56,44,FALSE,0
4/6/2016,0,69,44,FALSE,0
4/7/2016,0,78,50,FALSE,0
4/8/2016,0,76,50,FALSE,0
4/9/2016,0,64,47,FALSE,0
4/10/2016,0,58,46,FALSE,0
4/11/2016,0,58,48,FALSE,0
4/12/2016,0.32,57,44,TRUE,1
4/13/2016,0.1,58,44,TRUE,1
4/14/2016,0.15,59,44,TRUE,1
4/15/2016,0,59,47,FALSE,0
4/16/2016,0,67,44,FALSE,0
4/17/2016,0,80,48,FALSE,0
4/18/2016,0,89,54,FALSE,0
4/19/2016,0,84,56,FALSE,0
4/20/2016,0,81,53,FALSE,0
4/21/2016,0,72,51,FALSE,0
4/22/2016,0,62,52,FALSE,0
4/23/2016,0.01,64,51,TRUE,1
4/24/2016,0.3,55,46,TRUE,1
4/25/2016,0.11,59,44,TRUE,1
4/26/2016,0,59,43,FALSE,0
4/27/2016,0,63,48,FALSE,0
4/28/2016,0,63,50,FALSE,0
4/29/2016,0.01,61,48,TRUE,1
4/30/2016,0,67,45,FALSE,0
5/1/2016,0,79,50,FALSE,0
5/2/2016,0,87,54,FALSE,0
5/3/2016,0,72,56,FALSE,0
5/4/2016,0,60,52,FALSE,0
5/5/2016,0,68,48,FALSE,0
5/6/2016,0,77,50,FALSE,0
5/7/2016,0,82,52,FALSE,0
5/8/2016,0.03,66,48,TRUE,1
5/9/2016,0,67,46,FALSE,0
5/10/2016,0,75,47,FALSE,0
5/11/2016,0,80,52,FALSE,0
5/12/2016,0,76,49,FALSE,0
5/13/2016,0,84,50,FALSE,0
5/14/2016,0.02,58,53,TRUE,1
5/15/2016,0.02,56,52,TRUE,1
5/16/2016,0.06,59,50,TRUE,1
5/17/2016,0,69,51,FALSE,0
5/18/2016,0,65,51,FALSE,0
5/19/2016,0.5,63,48,TRUE,1
5/20/2016,0,66,49,FALSE,0
5/21/2016,0.21,58,50,TRUE,1
5/22/2016,0,66,52,FALSE,0
5/23/2016,0,66,53,FALSE,0
5/24/2016,0,66,55,FALSE,0
5/25/2016,0,65,53,FALSE,0
5/26/2016,0,62,51,FALSE,0
5/27/2016,0,64,49,FALSE,0
5/28/2016,0.1,62,49,TRUE,1
5/29/2016,0,64,52,FALSE,0
5/30/2016,0,72,48,FALSE,0
5/31/2016,0,80,52,FALSE,0
6/1/2016,0.04,74,55,TRUE,1
6/2/2016,0.01,70,58,TRUE,1
6/3/2016,0,82,56,FALSE,0
6/4/2016,0,85,62,FALSE,0
6/5/2016,0,93,64,FALSE,0
6/6/2016,0,88,62,FALSE,0
6/7/2016,0,84,59,FALSE,0
6/8/2016,0.01,67,55,TRUE,1
6/9/2016,0.13,64,51,TRUE,1
6/10/2016,0.18,65,49,TRUE,1
6/11/2016,0,67,50,FALSE,0
6/12/2016,0,70,53,FALSE,0
6/13/2016,0,65,49,FALSE,0
6/14/2016,0.02,60,47,TRUE,1
6/15/2016,0,66,44,FALSE,0
6/16/2016,0,70,51,FALSE,0
6/17/2016,0.14,69,50,TRUE,1
6/18/2016,0,66,52,FALSE,0
6/19/2016,0,72,48,FALSE,0
6/20/2016,0.55,75,55,TRUE,1
6/21/2016,0,71,54,FALSE,0
6/22/2016,0,75,55,FALSE,0
6/23/2016,0.35,68,53,TRUE,1
6/24/2016,0.34,69,52,TRUE,1
6/25/2016,0,72,56,FALSE,0
6/26/2016,0,80,56,FALSE,0
6/27/2016,0,85,58,FALSE,0
6/28/2016,0,76,54,FALSE,0
6/29/2016,0,72,55,FALSE,0
6/30/2016,0,73,55,FALSE,0
7/1/2016,0,75,55,FALSE,0
7/2/2016,0,75,57,FALSE,0
7/3/2016,0,71,56,FALSE,0
7/4/2016,0,69,56,FALSE,0
7/5/2016,0,67,55,FALSE,0
7/6/2016,0.01,76,56,TRUE,1
7/7/2016,0.12,68,58,TRUE,1
7/8/2016,0.24,72,58,TRUE,1
7/9/2016,0.01,71,56,TRUE,1
7/10/2016,0,73,56,FALSE,0
7/11/2016,0,73,57,FALSE,0
7/12/2016,0,76,59,FALSE,0
7/13/2016,0,74,57,FALSE,0
7/14/2016,0,76,57,FALSE,0
7/15/2016,0,76,56,FALSE,0
7/16/2016,0,73,57,FALSE,0
7/17/2016,0,79,58,FALSE,0
7/18/2016,0.01,71,60,TRUE,1
7/19/2016,0,77,60,FALSE,0
7/20/2016,0,80,60,FALSE,0
7/21/2016,0,84,58,FALSE,0
7/22/2016,0.33,73,59,TRUE,1
7/23/2016,0,73,58,FALSE,0
7/24/2016,0,81,58,FALSE,0
7/25/2016,0,86,59,FALSE,0
7/26/2016,0,78,59,FALSE,0
7/27/2016,0,84,56,FALSE,0
7/28/2016,0,88,61,FALSE,0
7/29/2016,0,89,62,FALSE,0
7/30/2016,0,75,57,FALSE,0
7/31/2016,0,72,56,FALSE,0
8/1/2016,0,77,53,FALSE,0
8/2/2016,0.13,71,57,TRUE,1
8/3/2016,0,76,58,FALSE,0
8/4/2016,0,82,56,FALSE,0
8/5/2016,0,79,57,FALSE,0
8/6/2016,0,71,54,FALSE,0
8/7/2016,0.03,69,57,TRUE,1
8/8/2016,0,73,56,FALSE,0
8/9/2016,0,71,58,FALSE,0
8/10/2016,0,76,58,FALSE,0
8/11/2016,0,81,58,FALSE,0
8/12/2016,0,90,63,FALSE,0
8/13/2016,0,91,64,FALSE,0
8/14/2016,0,85,57,FALSE,0
8/15/2016,0,83,57,FALSE,0
8/16/2016,0,83,56,FALSE,0
8/17/2016,0,80,56,FALSE,0
8/18/2016,0,87,60,FALSE,0
8/19/2016,0,95,69,FALSE,0
8/20/2016,0,91,62,FALSE,0
8/21/2016,0,73,57,FALSE,0
8/22/2016,0,72,55,FALSE,0
8/23/2016,0,80,54,FALSE,0
8/24/2016,0,85,58,FALSE,0
8/25/2016,0,91,61,FALSE,0
8/26/2016,0,92,64,FALSE,0
8/27/2016,0,73,58,FALSE,0
8/28/2016,0,70,55,FALSE,0
8/29/2016,0,79,53,FALSE,0
8/30/2016,0,71,56,FALSE,0
8/31/2016,0.01,69,58,TRUE,1
9/1/2016,0.17,66,56,TRUE,1
9/2/2016,0.05,69,55,TRUE,1
9/3/2016,0,69,54,FALSE,0
9/4/2016,0,70,51,FALSE,0
9/5/2016,0.01,64,54,TRUE,1
9/6/2016,0.42,65,55,TRUE,1
9/7/2016,0.04,66,57,TRUE,1
9/8/2016,0.03,70,55,TRUE,1
9/9/2016,0,73,50,FALSE,0
9/10/2016,0,77,54,FALSE,0
9/11/2016,0,70,55,FALSE,0
9/12/2016,0,75,54,FALSE,0
9/13/2016,0,77,51,FALSE,0
9/14/2016,0,78,51,FALSE,0
9/15/2016,0,72,52,FALSE,0
9/16/2016,0,74,52,FALSE,0
9/17/2016,0.22,67,57,TRUE,1
9/18/2016,0,68,54,FALSE,0
9/19/2016,0.08,68,53,TRUE,1
9/20/2016,0,67,49,FALSE,0
9/21/2016,0,68,52,FALSE,0
9/22/2016,0,65,49,FALSE,0
9/23/2016,0.01,63,53,TRUE,1
9/24/2016,0,66,53,FALSE,0
9/25/2016,0,76,58,FALSE,0
9/26/2016,0,77,53,FALSE,0
9/27/2016,0.02,69,54,TRUE,1
9/28/2016,0,67,52,FALSE,0
9/29/2016,0,66,47,FALSE,0
9/30/2016,0,65,46,FALSE,0
10/1/2016,0.05,63,50,TRUE,1
10/2/2016,0,63,50,FALSE,0
10/3/2016,0,60,49,FALSE,0
10/4/2016,0.13,60,52,TRUE,1
10/5/2016,0.04,65,52,TRUE,1
10/6/2016,0.31,62,53,TRUE,1
10/7/2016,0.11,63,53,TRUE,1
10/8/2016,0.61,65,52,TRUE,1
10/9/2016,0.06,56,48,TRUE,1
10/10/2016,0,60,45,FALSE,0
10/11/2016,0,62,43,FALSE,0
10/12/2016,0.01,66,43,TRUE,1
10/13/2016,1.75,59,51,TRUE,1
10/14/2016,1.36,57,50,TRUE,1
10/15/2016,0.73,62,50,TRUE,1
10/16/2016,0.56,60,50,TRUE,1
10/17/2016,0.17,59,50,TRUE,1
10/18/2016,0.08,58,49,TRUE,1
10/19/2016,0.22,58,45,TRUE,1
10/20/2016,1.19,60,50,TRUE,1
10/21/2016,0.02,57,48,TRUE,1
10/22/2016,0.05,62,44,TRUE,1
10/23/2016,0.12,62,49,TRUE,1
10/24/2016,0.1,63,51,TRUE,1
10/25/2016,0,63,50,FALSE,0
10/26/2016,1.23,58,52,TRUE,1
10/27/2016,0.04,58,52,TRUE,1
10/28/2016,0,67,50,FALSE,0
10/29/2016,0.19,60,48,TRUE,1
10/30/2016,0.26,52,44,TRUE,1
10/31/2016,0.66,57,49,TRUE,1
11/1/2016,0.22,56,50,TRUE,1
11/2/2016,0.46,56,51,TRUE,1
11/3/2016,0,65,48,FALSE,0
11/4/2016,0,63,42,FALSE,0
11/5/2016,1.31,60,51,TRUE,1
11/6/2016,0.12,60,48,TRUE,1
11/7/2016,0.04,66,50,TRUE,1
11/8/2016,0,70,49,FALSE,0
11/9/2016,0.24,64,51,TRUE,1
11/10/2016,0,62,45,FALSE,0
11/11/2016,0,61,52,FALSE,0
11/12/2016,0.1,58,48,TRUE,1
11/13/2016,0.24,54,47,TRUE,1
11/14/2016,0.31,57,50,TRUE,1
11/15/2016,1.08,54,46,TRUE,1
11/16/2016,0.2,50,43,TRUE,1
11/17/2016,0,51,41,FALSE,0
11/18/2016,0,54,39,FALSE,0
11/19/2016,0.04,57,48,TRUE,1
11/20/2016,0.01,57,47,TRUE,1
11/21/2016,0.02,53,44,TRUE,1
11/22/2016,0.45,53,43,TRUE,1
11/23/2016,0.13,48,42,TRUE,1
11/24/2016,0.66,51,46,TRUE,1
11/25/2016,0.01,52,41,TRUE,1
11/26/2016,0.38,51,43,TRUE,1
11/27/2016,0.32,47,42,TRUE,1
11/28/2016,0,50,40,FALSE,0
11/29/2016,0.04,51,41,TRUE,1
11/30/2016,0.1,50,43,TRUE,1
12/1/2016,0.01,46,40,TRUE,1
12/2/2016,0.27,49,44,TRUE,1
12/3/2016,0.18,48,44,TRUE,1
12/4/2016,0.17,45,35,TRUE,1
12/5/2016,0.24,39,33,TRUE,1
12/6/2016,0,40,31,FALSE,0
12/7/2016,0,38,28,FALSE,0
12/8/2016,0.06,38,30,TRUE,1
12/9/2016,0.34,36,31,TRUE,1
12/10/2016,0.18,44,35,TRUE,1
12/11/2016,0.09,42,39,TRUE,1
12/12/2016,0.09,42,37,TRUE,1
12/13/2016,0,38,31,FALSE,0
12/14/2016,0,39,30,FALSE,0
12/15/2016,0,38,32,FALSE,0
12/16/2016,0,34,25,FALSE,0
12/17/2016,0,33,23,FALSE,0
12/18/2016,0,39,27,FALSE,0
12/19/2016,0.81,45,35,TRUE,1
12/20/2016,0.01,50,40,TRUE,1
12/21/2016,0,47,34,FALSE,0
12/22/2016,0.3,44,33,TRUE,1
12/23/2016,0.58,39,35,TRUE,1
12/24/2016,0.1,40,35,TRUE,1
12/25/2016,0,42,33,FALSE,0
12/26/2016,0.29,42,33,TRUE,1
12/27/2016,0.05,44,40,TRUE,1
12/28/2016,0,47,38,FALSE,0
12/29/2016,0.05,48,40,TRUE,1
12/30/2016,0.02,45,34,TRUE,1
12/31/2016,0.03,38,29,TRUE,1
1/1/2017,0.43,37,28,TRUE,1
1/2/2017,0,34,26,FALSE,0
1/3/2017,0,33,21,FALSE,0
1/4/2017,0,36,22,FALSE,0
1/5/2017,0,35,21,FALSE,0
1/6/2017,0,40,20,FALSE,0
1/7/2017,0,37,29,FALSE,0
1/8/2017,0.45,45,35,TRUE,1
1/9/2017,0.05,42,34,TRUE,1
1/10/2017,0.07,40,32,TRUE,1
1/11/2017,0,34,28,FALSE,0
1/12/2017,0,40,25,FALSE,0
1/13/2017,0,37,25,FALSE,0
1/14/2017,0,44,26,FALSE,0
1/15/2017,0,43,27,FALSE,0
1/16/2017,0,45,30,FALSE,0
1/17/2017,1.74,49,39,TRUE,1
1/18/2017,1.21,53,44,TRUE,1
1/19/2017,0.09,50,41,TRUE,1
1/20/2017,0,52,37,FALSE,0
1/21/2017,0.05,54,40,TRUE,1
1/22/2017,0.08,49,37,TRUE,1
1/23/2017,0,48,34,FALSE,0
1/24/2017,0,43,31,FALSE,0
1/25/2017,0,44,35,FALSE,0
1/26/2017,0,47,41,FALSE,0
1/27/2017,0,54,37,FALSE,0
1/28/2017,0,52,37,FALSE,0
1/29/2017,0.03,48,37,TRUE,1
1/30/2017,0.02,45,40,TRUE,1
1/31/2017,0,44,34,FALSE,0
2/1/2017,0,43,29,FALSE,0
2/2/2017,0.01,44,32,TRUE,1
2/3/2017,0.7,40,34,TRUE,1
2/4/2017,0.94,46,37,TRUE,1
2/5/2017,0.82,41,33,TRUE,1
2/6/2017,0.65,37,30,TRUE,1
2/7/2017,0.01,38,30,TRUE,1
2/8/2017,0.7,40,34,TRUE,1
2/9/2017,1.63,56,39,TRUE,1
2/10/2017,0.02,48,39,TRUE,1
2/11/2017,0,49,38,FALSE,0
2/12/2017,0,51,34,FALSE,0
2/13/2017,0,57,35,FALSE,0
2/14/2017,0.23,58,36,TRUE,1
2/15/2017,1.63,54,45,TRUE,1
2/16/2017,0.5,53,46,TRUE,1
2/17/2017,0.01,56,42,TRUE,1
2/18/2017,0.15,45,42,TRUE,1
2/19/2017,0.06,47,40,TRUE,1
2/20/2017,0.2,45,40,TRUE,1
2/21/2017,0.07,48,39,TRUE,1
2/22/2017,0,46,35,FALSE,0
2/23/2017,0.01,44,34,TRUE,1
2/24/2017,0,47,32,FALSE,0
2/25/2017,0.01,44,32,TRUE,1
2/26/2017,0.33,41,35,TRUE,1
2/27/2017,0.16,41,33,TRUE,1
2/28/2017,0.01,47,33,TRUE,1
3/1/2017,0.02,49,41,TRUE,1
3/2/2017,0.09,47,41,TRUE,1
3/3/2017,0.36,51,39,TRUE,1
3/4/2017,0.04,46,34,TRUE,1
3/5/2017,0,45,34,FALSE,0
3/6/2017,0,43,35,FALSE,0
3/7/2017,0.75,42,35,TRUE,1
3/8/2017,0.13,43,37,TRUE,1
3/9/2017,0.7,49,39,TRUE,1
3/10/2017,0.03,52,44,TRUE,1
3/11/2017,0.37,53,40,TRUE,1
3/12/2017,0.02,53,45,TRUE,1
3/13/2017,0.65,53,47,TRUE,1
3/14/2017,0.39,57,48,TRUE,1
3/15/2017,0.81,50,44,TRUE,1
3/16/2017,0,52,39,FALSE,0
3/17/2017,0.68,53,37,TRUE,1
3/18/2017,0.34,57,35,TRUE,1
3/19/2017,0,53,34,FALSE,0
3/20/2017,0.01,54,38,TRUE,1
3/21/2017,0.2,56,46,TRUE,1
3/22/2017,0.02,56,43,TRUE,1
3/23/2017,0.26,58,39,TRUE,1
3/24/2017,0.24,54,44,TRUE,1
3/25/2017,0.01,52,43,TRUE,1
3/26/2017,0.38,49,43,TRUE,1
3/27/2017,0.17,53,44,TRUE,1
3/28/2017,0.14,53,44,TRUE,1
3/29/2017,0.51,55,45,TRUE,1
3/30/2017,0,54,43,FALSE,0
3/31/2017,0,56,37,FALSE,0
4/1/2017,0.04,56,45,TRUE,1
4/2/2017,0.04,55,41,TRUE,1
4/3/2017,0,53,40,FALSE,0
4/4/2017,0.12,61,43,TRUE,1
4/5/2017,0.46,54,48,TRUE,1
4/6/2017,0.26,60,47,TRUE,1
4/7/2017,0.1,59,46,TRUE,1
4/8/2017,0.01,52,41,TRUE,1
4/9/2017,0,56,39,FALSE,0
4/10/2017,0.38,53,41,TRUE,1
4/11/2017,0.02,57,38,TRUE,1
4/12/2017,0.85,59,45,TRUE,1
4/13/2017,0.08,54,43,TRUE,1
4/14/2017,0.01,52,42,TRUE,1
4/15/2017,0,57,41,FALSE,0
4/16/2017,0,66,42,FALSE,0
4/17/2017,0.07,60,50,TRUE,1
4/18/2017,0.48,60,48,TRUE,1
4/19/2017,0.35,56,46,TRUE,1
4/20/2017,0.01,58,44,TRUE,1
4/21/2017,0,66,43,FALSE,0
4/22/2017,0.07,63,48,TRUE,1
4/23/2017,0.49,53,45,TRUE,1
4/24/2017,0.06,57,45,TRUE,1
4/25/2017,0.05,56,47,TRUE,1
4/26/2017,0,58,45,FALSE,0
4/27/2017,0.04,56,44,TRUE,1
4/28/2017,0,59,43,FALSE,0
4/29/2017,0.14,57,42,TRUE,1
4/30/2017,0.08,56,47,TRUE,1
5/1/2017,0.03,50,45,TRUE,1
5/2/2017,0.13,61,43,TRUE,1
5/3/2017,0.11,74,55,TRUE,1
5/4/2017,0.44,76,53,TRUE,1
5/5/2017,0.25,59,46,TRUE,1
5/6/2017,0.02,60,43,TRUE,1
5/7/2017,0,62,45,FALSE,0
5/8/2017,0,64,46,FALSE,0
5/9/2017,0,70,47,FALSE,0
5/10/2017,0,71,51,FALSE,0
5/11/2017,0.47,60,46,TRUE,1
5/12/2017,0.16,54,43,TRUE,1
5/13/2017,0.03,57,45,TRUE,1
5/14/2017,0.04,59,47,TRUE,1
5/15/2017,0.33,52,46,TRUE,1
5/16/2017,0.15,54,45,TRUE,1
5/17/2017,0,60,45,FALSE,0
5/18/2017,0,64,48,FALSE,0
5/19/2017,0,71,50,FALSE,0
5/20/2017,0,72,53,FALSE,0
5/21/2017,0,76,52,FALSE,0
5/22/2017,0,83,56,FALSE,0
5/23/2017,0,78,53,FALSE,0
5/24/2017,0,63,46,FALSE,0
5/25/2017,0,70,47,FALSE,0
5/26/2017,0,81,51,FALSE,0
5/27/2017,0,86,55,FALSE,0
5/28/2017,0,86,56,FALSE,0
5/29/2017,0,74,52,FALSE,0
5/30/2017,0.01,58,52,TRUE,1
5/31/2017,0.11,72,52,TRUE,1
6/1/2017,0.02,67,56,TRUE,1
6/2/2017,0,73,53,FALSE,0
6/3/2017,0,67,53,FALSE,0
6/4/2017,0,67,52,FALSE,0
6/5/2017,0,74,50,FALSE,0
6/6/2017,0,84,53,FALSE,0
6/7/2017,0.03,79,56,TRUE,1
6/8/2017,0.31,63,54,TRUE,1
6/9/2017,0.05,63,50,TRUE,1
6/10/2017,0,67,48,FALSE,0
6/11/2017,0,70,52,FALSE,0
6/12/2017,0,64,52,FALSE,0
6/13/2017,0,65,52,FALSE,0
6/14/2017,0,65,51,FALSE,0
6/15/2017,1.05,61,53,TRUE,1
6/16/2017,0,68,53,FALSE,0
6/17/2017,0.06,63,51,TRUE,1
6/18/2017,0,71,55,FALSE,0
6/19/2017,0,74,56,FALSE,0
6/20/2017,0,73,56,FALSE,0
6/21/2017,0,69,53,FALSE,0
6/22/2017,0,75,50,FALSE,0
6/23/2017,0,81,55,FALSE,0
6/24/2017,0,89,61,FALSE,0
6/25/2017,0,96,64,FALSE,0
6/26/2017,0,72,55,FALSE,0
6/27/2017,0,71,53,FALSE,0
6/28/2017,0,68,54,FALSE,0
6/29/2017,0,78,53,FALSE,0
6/30/2017,0,86,57,FALSE,0
7/1/2017,0,72,55,FALSE,0
7/2/2017,0,77,54,FALSE,0
7/3/2017,0,70,56,FALSE,0
7/4/2017,0,78,53,FALSE,0
7/5/2017,0,85,57,FALSE,0
7/6/2017,0,85,55,FALSE,0
7/7/2017,0,72,55,FALSE,0
7/8/2017,0,81,58,FALSE,0
7/9/2017,0,80,56,FALSE,0
7/10/2017,0,73,58,FALSE,0
7/11/2017,0,75,54,FALSE,0
7/12/2017,0,78,54,FALSE,0
7/13/2017,0,75,57,FALSE,0
7/14/2017,0,79,57,FALSE,0
7/15/2017,0,77,54,FALSE,0
7/16/2017,0,72,55,FALSE,0
7/17/2017,0,78,55,FALSE,0
7/18/2017,0,82,56,FALSE,0
7/19/2017,0,78,53,FALSE,0
7/20/2017,0,74,59,FALSE,0
7/21/2017,0,78,55,FALSE,0
7/22/2017,0,85,63,FALSE,0
7/23/2017,0,76,62,FALSE,0
7/24/2017,0,82,56,FALSE,0
7/25/2017,0,87,58,FALSE,0
7/26/2017,0,84,56,FALSE,0
7/27/2017,0,70,57,FALSE,0
7/28/2017,0,79,56,FALSE,0
7/29/2017,0,81,54,FALSE,0
7/30/2017,0,80,58,FALSE,0
7/31/2017,0,85,60,FALSE,0
8/1/2017,0,87,60,FALSE,0
8/2/2017,0,91,69,FALSE,0
8/3/2017,0,94,68,FALSE,0
8/4/2017,0,91,62,FALSE,0
8/5/2017,0,82,58,FALSE,0
8/6/2017,0,82,58,FALSE,0
8/7/2017,0,84,57,FALSE,0
8/8/2017,0,89,59,FALSE,0
8/9/2017,0,91,61,FALSE,0
8/10/2017,0,90,60,FALSE,0
8/11/2017,0,77,57,FALSE,0
8/12/2017,0.02,76,58,TRUE,1
8/13/2017,0,74,60,FALSE,0
8/14/2017,0,73,56,FALSE,0
8/15/2017,0,78,55,FALSE,0
8/16/2017,0,79,57,FALSE,0
8/17/2017,0,75,59,FALSE,0
8/18/2017,0,73,55,FALSE,0
8/19/2017,0,76,58,FALSE,0
8/20/2017,0,77,56,FALSE,0
8/21/2017,0,83,57,FALSE,0
8/22/2017,0,86,60,FALSE,0
8/23/2017,0,75,59,FALSE,0
8/24/2017,0,72,58,FALSE,0
8/25/2017,0,76,54,FALSE,0
8/26/2017,0,84,54,FALSE,0
8/27/2017,0,87,61,FALSE,0
8/28/2017,0,88,62,FALSE,0
8/29/2017,0,85,60,FALSE,0
8/30/2017,0,77,60,FALSE,0
8/31/2017,0,75,61,FALSE,0
9/1/2017,0,85,57,FALSE,0
9/2/2017,0,90,62,FALSE,0
9/3/2017,0,90,65,FALSE,0
9/4/2017,0,88,65,FALSE,0
9/5/2017,0,85,66,FALSE,0
9/6/2017,0,81,63,FALSE,0
9/7/2017,0,75,61,FALSE,0
9/8/2017,0,71,60,FALSE,0
9/9/2017,0,68,59,FALSE,0
9/10/2017,0,73,55,FALSE,0
9/11/2017,0,80,52,FALSE,0
9/12/2017,0,77,57,FALSE,0
9/13/2017,0,70,53,FALSE,0
9/14/2017,0,74,54,FALSE,0
9/15/2017,0,76,50,FALSE,0
9/16/2017,0,76,53,FALSE,0
9/17/2017,0.15,64,54,TRUE,1
9/18/2017,0.16,62,50,TRUE,1
9/19/2017,0.04,64,50,TRUE,1
9/20/2017,0.13,57,50,TRUE,1
9/21/2017,0.02,64,50,TRUE,1
9/22/2017,0,68,51,FALSE,0
9/23/2017,0,68,54,FALSE,0
9/24/2017,0,72,50,FALSE,0
9/25/2017,0.01,65,56,TRUE,1
9/26/2017,0,74,55,FALSE,0
9/27/2017,0,80,54,FALSE,0
9/28/2017,0,86,55,FALSE,0
9/29/2017,0.07,67,54,TRUE,1
9/30/2017,0.01,64,52,TRUE,1
10/1/2017,0,62,50,FALSE,0
10/2/2017,0,62,47,FALSE,0
10/3/2017,0,69,44,FALSE,0
10/4/2017,0,68,45,FALSE,0
10/5/2017,0,69,45,FALSE,0
10/6/2017,0.01,66,46,TRUE,1
10/7/2017,0.01,62,49,TRUE,1
10/8/2017,0.01,62,46,TRUE,1
10/9/2017,0,64,43,FALSE,0
10/10/2017,0,60,45,FALSE,0
10/11/2017,0.17,57,43,TRUE,1
10/12/2017,0.38,50,45,TRUE,1
10/13/2017,0,54,41,FALSE,0
10/14/2017,0,56,38,FALSE,0
10/15/2017,0,63,41,FALSE,0
10/16/2017,0,62,42,FALSE,0
10/17/2017,0.06,60,49,TRUE,1
10/18/2017,1.35,64,47,TRUE,1
10/19/2017,1.04,54,50,TRUE,1
10/20/2017,0.13,53,46,TRUE,1
10/21/2017,1.61,58,45,TRUE,1
10/22/2017,0.02,60,50,TRUE,1
10/23/2017,0,65,49,FALSE,0
10/24/2017,0,66,46,FALSE,0
10/25/2017,0.01,59,44,TRUE,1
10/26/2017,0,58,49,FALSE,0
10/27/2017,0,66,46,FALSE,0
10/28/2017,0,68,44,FALSE,0
10/29/2017,0,56,46,FALSE,0
10/30/2017,0,63,45,FALSE,0
10/31/2017,0,58,38,FALSE,0
11/1/2017,0.01,55,47,TRUE,1
11/2/2017,0.19,50,42,TRUE,1
11/3/2017,0.3,43,33,TRUE,1
11/4/2017,0.42,41,35,TRUE,1
11/5/2017,0.61,40,33,TRUE,1
11/6/2017,0,47,36,FALSE,0
11/7/2017,0,48,38,FALSE,0
11/8/2017,0.15,54,45,TRUE,1
11/9/2017,0.42,50,43,TRUE,1
11/10/2017,0.01,51,41,TRUE,1
11/11/2017,0.05,52,43,TRUE,1
11/12/2017,0.52,57,47,TRUE,1
11/13/2017,0.81,55,45,TRUE,1
11/14/2017,0.05,54,44,TRUE,1
11/15/2017,0.46,53,43,TRUE,1
11/16/2017,0.16,44,42,TRUE,1
11/17/2017,0,50,42,FALSE,0
11/18/2017,0,52,41,FALSE,0
11/19/2017,0.58,53,39,TRUE,1
11/20/2017,0.63,50,41,TRUE,1
11/21/2017,1.14,60,38,TRUE,1
11/22/2017,0.52,68,56,TRUE,1
11/23/2017,0.2,59,48,TRUE,1
11/24/2017,0.01,52,46,TRUE,1
11/25/2017,0.19,51,43,TRUE,1
11/26/2017,0.25,58,42,TRUE,1
11/27/2017,0,50,42,FALSE,0
11/28/2017,0.68,47,43,TRUE,1
11/29/2017,0,50,41,FALSE,0
11/30/2017,0.27,46,41,TRUE,1
12/1/2017,0.27,48,38,TRUE,1
12/2/2017,0.79,44,41,TRUE,1
12/3/2017,0.05,46,39,TRUE,1
12/4/2017,0,45,34,FALSE,0
12/5/2017,0,45,33,FALSE,0
12/6/2017,0,52,36,FALSE,0
12/7/2017,0,52,34,FALSE,0
12/8/2017,0,43,29,FALSE,0
12/9/2017,0,44,29,FALSE,0
12/10/2017,0,49,34,FALSE,0
12/11/2017,0,49,29,FALSE,0
12/12/2017,0,46,32,FALSE,0
12/13/2017,0,48,34,FALSE,0
12/14/2017,0,50,36,FALSE,0